"pest_dif","site","Yr","Mnth.x","Julian","Hr","degf_avg","degf_lo","degf_hi","rh_avg","Mnth.y"
1,"UCKearney",2019,"Jun",153,5,60.17,59.7,61.2,89.83,"Jun"
1,"UCKearney",2019,"Jul",191,4,61.25,60.3,62.2,83.61,"Jul"
1,"UCKearney",2019,"Jul",194,4,64.25,63.9,65.1,93.17,"Jul"
1,"UCKearney",2019,"Jul",207,4,76.81,76.1,77.9,72.37,"Jul"
1,"UCKearney",2019,"Jul",209,4,68.82,68.4,69.6,92.66,"Jul"
1,"UCKearney",2019,"Jul",210,4,65.88,65.1,67.1,80.73,"Jul"
1,"UCKearney",2019,"Jul",210,4,65.88,65.1,67.1,80.73,"Jul"
1,"UCKearney",2019,"Jul",212,4,61.29,60.6,62.1,88.96,"Jul"
1,"UCKearney",2019,"Jul",212,19,87.79,83.8,93,38.22,"Jul"
1,"UCKearney",2019,"Aug",213,3,63.41,62.6,64.4,86.41,"Aug"
1,"UCKearney",2019,"Aug",213,4,62.34,61.7,63.3,90.13,"Aug"
3,"UCKearney",2019,"Aug",213,4,62.34,61.7,63.3,90.13,"Aug"
1,"UCKearney",2019,"Aug",214,4,62.64,61.5,64.6,87.28,"Aug"
1,"UCKearney",2019,"Aug",215,4,63.98,63.1,65.1,93.5,"Aug"
1,"UCKearney",2019,"Aug",215,5,62.98,62.6,63.7,94.85,"Aug"
1,"UCKearney",2019,"Aug",216,4,65.44,64.9,66,89.03,"Aug"
1,"UCKearney",2019,"Aug",216,4,65.44,64.9,66,89.03,"Aug"
1,"UCKearney",2019,"Aug",216,5,65.15,64,65.8,90.2,"Aug"
1,"UCKearney",2019,"Aug",218,4,65.34,65.1,66,93.63,"Aug"
2,"UCKearney",2019,"Aug",219,4,67.73,66.7,69.1,82.87,"Aug"
1,"UCKearney",2019,"Aug",220,5,61.97,61.5,62.6,79.5,"Aug"
1,"UCKearney",2019,"Aug",222,3,62.83,61.3,64.2,83.45,"Aug"
1,"UCKearney",2019,"Aug",224,5,59.04,58.8,59.5,94.53,"Aug"
1,"UCKearney",2019,"Aug",225,4,61.91,61.5,62.4,91.6,"Aug"
1,"UCKearney",2019,"Aug",225,5,61.48,61.2,62.1,93.41,"Aug"
1,"UCKearney",2019,"Aug",226,4,63.24,62.8,63.9,91.41,"Aug"
1,"UCKearney",2019,"Aug",229,17,97.95,97.3,98.8,26.52,"Aug"
1,"UCKearney",2019,"Aug",229,18,94.61,85.3,97.7,34.57,"Aug"
1,"UCKearney",2019,"Aug",233,22,70.1,69.4,71.1,75.38,"Aug"
1,"UCKearney",2019,"Aug",234,3,65.65,64.8,67.8,82.64,"Aug"
2,"UCKearney",2019,"Aug",234,5,62.68,62.1,63.5,89.25,"Aug"
3,"UCKearney",2019,"Aug",235,5,67.66,67.3,68.2,93.77,"Aug"
1,"UCKearney",2019,"Aug",237,3,69.74,68.4,71.6,75.88,"Aug"
1,"UCKearney",2019,"Aug",237,4,67.9,67.1,68.7,81.77,"Aug"
2,"UCKearney",2019,"Aug",237,12,93.35,91.4,95.2,38.52,"Aug"
5,"UCKearney",2019,"Aug",237,15,102.36,101.7,103.1,26.46,"Aug"
2,"UCKearney",2019,"Aug",238,4,70.34,68.9,71.6,74.06,"Aug"
2,"UCKearney",2019,"Aug",238,5,68.68,68.2,69.4,77.58,"Aug"
2,"UCKearney",2019,"Aug",239,3,69.82,69.1,70.9,85.08,"Aug"
1,"UCKearney",2019,"Aug",239,4,68.84,68.4,69.8,89.39,"Aug"
2,"UCKearney",2019,"Aug",239,4,68.84,68.4,69.8,89.39,"Aug"
2,"UCKearney",2019,"Aug",239,5,68.29,68,68.9,92.17,"Aug"
1,"UCKearney",2019,"Aug",240,4,66.46,65.5,67.6,85.23,"Aug"
1,"UCKearney",2019,"Aug",240,4,66.46,65.5,67.6,85.23,"Aug"
4,"UCKearney",2019,"Aug",240,5,65.36,64.9,66,88.32,"Aug"
1,"UCKearney",2019,"Aug",241,5,63.42,62.6,64.8,85.93,"Aug"
1,"UCKearney",2019,"Aug",242,5,65.53,64.6,67.1,75.12,"Aug"
2,"UCKearney",2019,"Aug",243,5,63.19,62.6,64,94.26,"Aug"
1,"UCKearney",2019,"Sep",244,3,62.38,61.9,63.1,90.04,"Sep"
1,"UCKearney",2019,"Sep",244,4,61.68,61.3,62.4,92.05,"Sep"
1,"UCKearney",2019,"Sep",244,5,61.38,61,61.9,91.38,"Sep"
1,"UCKearney",2019,"Sep",244,18,91.73,80.8,96.8,37.79,"Sep"
1,"UCKearney",2019,"Sep",245,15,100.23,96.1,102.6,30.02,"Sep"
1,"UCKearney",2019,"Sep",248,4,67.69,67.3,68.2,90.73,"Sep"
1,"UCKearney",2019,"Sep",249,4,66.55,65.8,68.5,77.18,"Sep"
1,"UCKearney",2019,"Sep",249,5,64.89,64,66.4,83.58,"Sep"
2,"UCKearney",2019,"Sep",250,4,62.77,62.1,64.4,84.68,"Sep"
1,"UCKearney",2019,"Sep",250,5,62.09,61.3,62.8,85.94,"Sep"
1,"UCKearney",2019,"Sep",250,5,62.09,61.3,62.8,85.94,"Sep"
1,"UCKearney",2019,"Sep",255,6,54.94,54.5,55.4,94.43,"Sep"
1,"UCKearney",2019,"Sep",256,4,57.29,57,58.1,92.51,"Sep"
1,"UCKearney",2019,"Sep",257,4,59.37,59,60.1,94.45,"Sep"
1,"UCKearney",2019,"Sep",258,13,94.2,91.9,97.2,30.28,"Sep"
1,"UCKearney",2019,"Sep",258,14,90.3,87.1,93.7,37.04,"Sep"
3,"UCKearney",2019,"Sep",263,2,52.08,51.3,53.1,89.65,"Sep"
1,"UCKearney",2019,"Sep",264,0,56.96,56.5,58.3,90.7,"Sep"
2,"UCKearney",2019,"Sep",265,5,53.48,52.5,54.7,94.03,"Sep"
1,"UCKearney",2019,"Sep",265,6,52.79,52.2,53.4,95.26,"Sep"
1,"UCKearney",2019,"Sep",266,2,58.83,58.1,59.7,85.02,"Sep"
1,"UCKearney",2019,"Sep",267,1,59.3,58.6,60.3,90.45,"Sep"
1,"UCKearney",2019,"Sep",267,4,56.76,56.5,57.2,94.62,"Sep"
1,"UCKearney",2019,"Sep",268,2,61.22,60.8,62.1,90.08,"Sep"
1,"UCKearney",2019,"Sep",268,3,60.65,60.3,61.2,90.74,"Sep"
1,"UCKearney",2019,"Sep",268,5,59.11,58.8,59.7,92.31,"Sep"
1,"UCKearney",2019,"Sep",269,5,60.89,60.4,61.5,92.29,"Sep"
1,"UCKearney",2019,"Sep",270,4,62.73,61.9,63.5,83.4,"Sep"
4,"MWoolf_east",2019,"Jun",160,5,59.75,58.6,60.6,59.08,"Jun"
2,"MWoolf_east",2019,"Jul",185,5,59.14,58.5,60.3,71.55,"Jul"
1,"MWoolf_east",2019,"Jul",186,4,62.82,61.2,64.4,61.22,"Jul"
7,"MWoolf_east",2019,"Jul",186,4,62.82,61.2,64.4,61.22,"Jul"
10,"MWoolf_east",2019,"Jul",186,5,61.98,60.8,63.9,65.43,"Jul"
14,"MWoolf_east",2019,"Jul",187,4,70.1,69.4,70.9,42.9,"Jul"
14,"MWoolf_east",2019,"Jul",187,5,67.5,63.9,71.4,56.41,"Jul"
1,"MWoolf_east",2019,"Jul",188,4,62.33,60.8,64.4,68.73,"Jul"
5,"MWoolf_east",2019,"Jul",189,3,59.23,58.5,59.9,67.65,"Jul"
24,"MWoolf_east",2019,"Jul",189,4,58.8,58.5,59.4,66.25,"Jul"
10,"MWoolf_east",2019,"Jul",189,5,58.43,57.7,59.2,65.39,"Jul"
5,"MWoolf_east",2019,"Jul",190,5,56.39,55.2,57.7,76.93,"Jul"
1,"MWoolf_east",2019,"Jul",190,5,56.39,55.2,57.7,76.93,"Jul"
4,"MWoolf_east",2019,"Jul",191,5,62.18,61.7,63.3,73.79,"Jul"
1,"MWoolf_east",2019,"Jul",192,3,66.58,66.2,67.3,72.83,"Jul"
1,"MWoolf_east",2019,"Jul",192,5,65.98,65.5,66.7,72.37,"Jul"
1,"MWoolf_east",2019,"Jul",192,13,96.98,96.1,98.1,30.88,"Jul"
1,"MWoolf_east",2019,"Jul",193,4,65.35,64.8,66.2,76.47,"Jul"
3,"MWoolf_east",2019,"Jul",193,4,65.35,64.8,66.2,76.47,"Jul"
1,"MWoolf_east",2019,"Jul",193,9,87.62,86,89.4,39.19,"Jul"
2,"MWoolf_east",2019,"Jul",194,4,67.53,66.6,68.9,67.09,"Jul"
7,"MWoolf_east",2019,"Jul",194,5,65.48,63.9,68.2,73.66,"Jul"
1,"MWoolf_east",2019,"Jul",195,5,68.12,67.5,69.1,61.88,"Jul"
1,"MWoolf_east",2019,"Jul",196,4,65.26,61,67.5,51.23,"Jul"
1,"MWoolf_east",2019,"Jul",196,4,65.26,61,67.5,51.23,"Jul"
2,"MWoolf_east",2019,"Jul",197,5,61.24,59.7,64,74.82,"Jul"
3,"MWoolf_east",2019,"Jul",199,5,64.46,62.8,66.2,45.7,"Jul"
1,"MWoolf_east",2019,"Jul",199,5,64.46,62.8,66.2,45.7,"Jul"
1,"MWoolf_east",2019,"Aug",220,18,80.11,77.7,82.6,49.95,"Aug"
4,"MWoolf_east",2019,"Aug",221,5,58.73,57.9,59.4,72.94,"Aug"
3,"MWoolf_east",2019,"Aug",221,5,58.73,57.9,59.4,72.94,"Aug"
1,"MWoolf_east",2019,"Aug",222,4,63.41,62.8,64.6,80.17,"Aug"
1,"MWoolf_east",2019,"Aug",222,4,63.41,62.8,64.6,80.17,"Aug"
4,"MWoolf_east",2019,"Aug",222,6,64.22,63.3,65.8,84.39,"Aug"
1,"MWoolf_east",2019,"Aug",223,5,60.39,59.4,62.2,82.4,"Aug"
1,"MWoolf_east",2019,"Aug",224,5,60.95,59.9,62.2,71.49,"Aug"
1,"MWoolf_east",2019,"Aug",224,5,60.95,59.9,62.2,71.49,"Aug"
1,"MWoolf_east",2019,"Aug",225,3,66.11,64.8,67.3,63.17,"Aug"
8,"MWoolf_east",2019,"Aug",225,5,63.13,61.5,64.4,68.18,"Aug"
8,"MWoolf_east",2019,"Aug",225,5,63.13,61.5,64.4,68.18,"Aug"
6,"MWoolf_east",2019,"Aug",226,3,67.64,65.8,69.6,66.04,"Aug"
1,"MWoolf_east",2019,"Aug",226,4,65.25,64,66,70.09,"Aug"
2,"MWoolf_east",2019,"Aug",226,5,63.1,62.6,64.4,75.72,"Aug"
2,"MWoolf_east",2019,"Aug",226,5,63.1,62.6,64.4,75.72,"Aug"
1,"MWoolf_east",2019,"Aug",227,4,68.36,66.6,70.2,60.8,"Aug"
4,"MWoolf_east",2019,"Aug",227,4,68.36,66.6,70.2,60.8,"Aug"
5,"MWoolf_east",2019,"Aug",227,5,69.55,68.4,70.3,55.15,"Aug"
6,"MWoolf_east",2019,"Aug",227,5,69.55,68.4,70.3,55.15,"Aug"
1,"MWoolf_east",2019,"Aug",227,6,66.02,64.8,67.8,76.84,"Aug"
1,"MWoolf_east",2019,"Aug",227,17,95.37,89.6,101.3,45.03,"Aug"
1,"MWoolf_east",2019,"Aug",227,21,78.28,76.6,81.7,58.35,"Aug"
1,"MWoolf_east",2019,"Aug",228,2,73.59,70.3,77,59.03,"Aug"
4,"MWoolf_east",2019,"Aug",228,4,67.87,67.1,69.4,70.35,"Aug"
6,"MWoolf_east",2019,"Aug",228,5,68.65,67.5,70,62.31,"Aug"
8,"MWoolf_east",2019,"Aug",228,5,68.65,67.5,70,62.31,"Aug"
7,"MWoolf_east",2019,"Aug",228,10,98.82,97.9,100,37.45,"Aug"
4,"MWoolf_east",2019,"Aug",229,3,67.92,66.7,70,55.53,"Aug"
2,"MWoolf_east",2019,"Aug",229,4,73.68,70.3,76.3,39.05,"Aug"
14,"MWoolf_east",2019,"Aug",229,4,73.68,70.3,76.3,39.05,"Aug"
9,"MWoolf_east",2019,"Aug",229,5,68.78,64.9,75.9,57.68,"Aug"
16,"MWoolf_east",2019,"Aug",229,5,68.78,64.9,75.9,57.68,"Aug"
1,"MWoolf_east",2019,"Aug",230,4,62.23,61,63.9,77.55,"Aug"
8,"MWoolf_east",2019,"Aug",230,5,61.18,59.4,62.4,80.98,"Aug"
1,"MWoolf_east",2019,"Aug",231,5,60.82,59.7,61.7,82.4,"Aug"
1,"MWoolf_east",2019,"Aug",233,4,61.14,60.3,62.4,82.46,"Aug"
2,"MWoolf_east",2019,"Aug",233,4,61.14,60.3,62.4,82.46,"Aug"
2,"MWoolf_east",2019,"Aug",233,5,61.84,61.3,62.4,79.55,"Aug"
1,"MWoolf_east",2019,"Aug",234,3,65.26,63.9,67.1,70.85,"Aug"
3,"MWoolf_east",2019,"Aug",234,4,63,61,66.7,78.66,"Aug"
2,"MWoolf_east",2019,"Aug",234,4,63,61,66.7,78.66,"Aug"
17,"MWoolf_east",2019,"Aug",234,6,64.29,62.8,65.8,78.55,"Aug"
2,"MWoolf_east",2019,"Aug",235,3,72.85,71.6,74.8,66.25,"Aug"
4,"MWoolf_east",2019,"Aug",235,4,70.55,69.4,73.4,74.69,"Aug"
1,"MWoolf_east",2019,"Aug",235,5,69.79,68.5,70.5,74.65,"Aug"
2,"MWoolf_east",2019,"Aug",235,9,92.18,91,94.1,46.51,"Aug"
3,"MWoolf_east",2019,"Aug",236,4,68.22,67.8,68.9,77.69,"Aug"
1,"MWoolf_east",2019,"Aug",239,5,68.69,68,69.8,64.64,"Aug"
2,"MWoolf_east",2019,"Aug",240,4,67.13,66.2,68.5,67.85,"Aug"
1,"MWoolf_east",2019,"Sep",246,21,75.26,74.1,76.8,56.55,"Sep"
1,"MWoolf_east",2019,"Sep",248,5,70.64,69.8,71.8,70.33,"Sep"
1,"MWoolf_east",2019,"Sep",249,3,68.9,67.5,69.8,69.95,"Sep"
1,"MWoolf_east",2019,"Sep",249,4,67.58,66.6,68.7,75.93,"Sep"
1,"MWoolf_east",2019,"Sep",249,4,67.58,66.6,68.7,75.93,"Sep"
1,"MWoolf_east",2019,"Sep",249,6,65.08,64.4,66.4,84.84,"Sep"
1,"MWoolf_east",2019,"Sep",250,4,64.15,63.5,65.7,75.34,"Sep"
2,"MWoolf_east",2019,"Sep",250,5,63.22,62.1,64.2,76.97,"Sep"
4,"MWoolf_east",2019,"Sep",250,6,63.38,62.6,64.6,77.41,"Sep"
1,"MWoolf_east",2019,"Sep",250,6,63.38,62.6,64.6,77.41,"Sep"
1,"MWoolf_east",2019,"Sep",251,9,75.49,74.3,77.4,49.09,"Sep"
7,"MWoolf_east",2019,"Sep",252,5,57.1,56.3,58.8,87.49,"Sep"
6,"MWoolf_east",2019,"Sep",252,6,57.3,56.1,58.6,87.05,"Sep"
2,"MWoolf_east",2019,"Sep",252,13,89.52,88.2,91.4,34.46,"Sep"
2,"MWoolf_east",2019,"Sep",252,19,69.37,68.2,71.4,64.08,"Sep"
2,"MWoolf_east",2019,"Sep",253,0,63.83,60.4,65.8,69.04,"Sep"
4,"MWoolf_east",2019,"Sep",254,12,87.48,86.2,88.7,34.58,"Sep"
10,"MWoolf_east",2019,"Sep",255,7,64.8,59.2,70.2,73.25,"Sep"
1,"MWoolf_east",2019,"Sep",255,8,76.16,71.4,80.1,58.03,"Sep"
2,"MWoolf_east",2019,"Sep",255,19,73.15,71.6,75.4,60.38,"Sep"
3,"MWoolf_east",2019,"Sep",256,2,66.28,65.5,67.3,57.38,"Sep"
5,"MWoolf_east",2019,"Sep",256,5,59.4,58.5,61.3,71.05,"Sep"
3,"MWoolf_east",2019,"Sep",256,5,59.4,58.5,61.3,71.05,"Sep"
1,"MWoolf_east",2019,"Sep",256,6,60.85,59.5,62.2,72.43,"Sep"
1,"MWoolf_east",2019,"Sep",257,4,61.46,59.4,63.3,65.66,"Sep"
2,"MWoolf_east",2019,"Sep",257,6,60.57,59,62.6,72.58,"Sep"
2,"MWoolf_east",2019,"Sep",258,5,60.95,59.7,61.7,67.16,"Sep"
1,"MWoolf_east",2019,"Sep",261,2,58.24,57.7,59,69.11,"Sep"
1,"MWoolf_east",2019,"Sep",267,5,60.79,60.3,61.2,66.04,"Sep"
1,"MWoolf_east",2019,"Oct",299,5,56.18,53.1,57.7,53.08,"Oct"
1,"MWoolf_east",2019,"Oct",300,5,57.82,56.8,58.8,31.44,"Oct"
1,"MWoolf_east",2019,"Oct",301,21,51.3,49.3,52.9,38.74,"Oct"
1,"MWoolf_east",2019,"Oct",302,17,60.95,56.3,67.6,32.68,"Oct"
1,"mikewoolf1",2019,"May",142,23,55.78,55.2,57.2,82.77,"May"
2,"mikewoolf1",2019,"May",143,2,53.93,52.7,55,89.27,"May"
1,"mikewoolf1",2019,"May",143,3,53.5,52.5,54.3,91.81,"May"
2,"mikewoolf1",2019,"May",144,11,75.54,72.3,77.2,54.63,"May"
3,"mikewoolf1",2019,"May",145,4,56.03,54.9,56.7,92.61,"May"
56,"mikewoolf1",2019,"May",145,5,54.44,54.1,55,96.19,"May"
1,"mikewoolf1",2019,"May",145,6,59.88,56.1,62.6,90.68,"May"
4,"mikewoolf1",2019,"May",148,1,54.36,53.6,55,82.93,"May"
35,"mikewoolf1",2019,"May",148,2,54.26,53.8,54.9,82.75,"May"
23,"mikewoolf1",2019,"May",148,3,55.63,54.5,56.7,80,"May"
4,"mikewoolf1",2019,"May",148,4,54.84,54.5,55.4,81.22,"May"
1,"mikewoolf1",2019,"May",149,3,56.4,56.1,56.8,94.97,"May"
22,"mikewoolf1",2019,"May",149,4,56.57,55.9,57.2,94.93,"May"
27,"mikewoolf1",2019,"May",149,5,57.99,57.2,58.6,94.19,"May"
4,"mikewoolf1",2019,"May",150,4,60.59,59.2,62.1,87.47,"May"
22,"mikewoolf1",2019,"May",150,5,59.42,59.2,59.9,89.28,"May"
1,"mikewoolf1",2019,"May",150,12,89.24,86,91.2,39.14,"May"
2,"mikewoolf1",2019,"May",151,5,58.43,57.7,59.2,84.68,"May"
7,"mikewoolf1",2019,"Jun",152,5,59.14,58.6,60.3,84.06,"Jun"
3,"mikewoolf1",2019,"Jun",155,4,66.98,66,68.4,84.62,"Jun"
3,"mikewoolf1",2019,"Jun",155,5,65.96,65.5,66.9,89.45,"Jun"
1,"mikewoolf1",2019,"Jun",156,4,67.39,66.6,68.5,86.33,"Jun"
1,"mikewoolf1",2019,"Jun",157,4,65.85,64.9,66.7,80.65,"Jun"
1,"mikewoolf1",2019,"Jun",158,3,55.3,54.3,56.8,75.19,"Jun"
1,"mikewoolf1",2019,"Jun",158,3,55.3,54.3,56.8,75.19,"Jun"
2,"mikewoolf1",2019,"Jun",158,4,54.28,53.8,54.9,74.02,"Jun"
2,"mikewoolf1",2019,"Jun",158,4,54.28,53.8,54.9,74.02,"Jun"
1,"mikewoolf1",2019,"Jun",158,4,54.28,53.8,54.9,74.02,"Jun"
1,"mikewoolf1",2019,"Jun",158,5,54.09,53.6,54.9,72.66,"Jun"
1,"mikewoolf1",2019,"Jun",159,4,54.46,52.5,56.5,49.86,"Jun"
2,"mikewoolf1",2019,"Jun",160,5,57.43,56.8,58.3,66.11,"Jun"
2,"mikewoolf1",2019,"Jun",160,5,57.43,56.8,58.3,66.11,"Jun"
1,"mikewoolf1",2019,"Jun",160,6,60.8,58.5,64.6,58.58,"Jun"
1,"mikewoolf1",2019,"Jun",160,7,69.12,65.3,73.8,49.21,"Jun"
1,"mikewoolf1",2019,"Jun",167,2,64.55,62.6,66.6,65.98,"Jun"
2,"mikewoolf1",2019,"Jun",181,4,61.89,61.5,62.6,64.73,"Jun"
1,"mikewoolf1",2019,"Jul",185,3,59.61,58.3,61.9,71.49,"Jul"
1,"mikewoolf1",2019,"Jul",185,5,56.83,56.3,57.4,77.2,"Jul"
1,"mikewoolf1",2019,"Jul",186,1,66.68,65.5,67.5,57.02,"Jul"
1,"mikewoolf1",2019,"Jul",186,4,62.78,62.1,64,59.51,"Jul"
1,"mikewoolf1",2019,"Jul",186,4,62.78,62.1,64,59.51,"Jul"
3,"mikewoolf1",2019,"Jul",186,5,61.14,59.7,63.1,67.75,"Jul"
12,"mikewoolf1",2019,"Jul",187,4,67.68,66.7,68.4,47.64,"Jul"
17,"mikewoolf1",2019,"Jul",187,5,66,63.7,68.7,58.54,"Jul"
1,"mikewoolf1",2019,"Jul",187,19,79.67,77,82.9,63.28,"Jul"
1,"mikewoolf1",2019,"Jul",188,22,66.23,64.9,67.8,70.81,"Jul"
2,"mikewoolf1",2019,"Jul",189,3,57.34,56.3,58.5,75.24,"Jul"
5,"mikewoolf1",2019,"Jul",189,3,57.34,56.3,58.5,75.24,"Jul"
8,"mikewoolf1",2019,"Jul",189,4,55.76,54.9,56.8,77.41,"Jul"
14,"mikewoolf1",2019,"Jul",189,4,55.76,54.9,56.8,77.41,"Jul"
9,"mikewoolf1",2019,"Jul",189,5,55.05,54.5,55.8,78.03,"Jul"
2,"mikewoolf1",2019,"Jul",189,5,55.05,54.5,55.8,78.03,"Jul"
1,"mikewoolf1",2019,"Jul",190,3,58,57.2,59.4,76.68,"Jul"
11,"mikewoolf1",2019,"Jul",190,4,56.65,55.8,57.9,78.73,"Jul"
12,"mikewoolf1",2019,"Jul",190,4,56.65,55.8,57.9,78.73,"Jul"
10,"mikewoolf1",2019,"Jul",190,5,55.44,54.5,56.5,77.76,"Jul"
1,"mikewoolf1",2019,"Jul",190,5,55.44,54.5,56.5,77.76,"Jul"
2,"mikewoolf1",2019,"Jul",191,4,61.04,60.4,62.1,79.36,"Jul"
2,"mikewoolf1",2019,"Jul",192,5,62.87,62.4,64,83.83,"Jul"
1,"mikewoolf1",2019,"Jul",193,3,64.05,63,65.5,81.01,"Jul"
3,"mikewoolf1",2019,"Jul",193,4,62.28,61.7,63.7,84.07,"Jul"
9,"mikewoolf1",2019,"Jul",193,4,62.28,61.7,63.7,84.07,"Jul"
4,"mikewoolf1",2019,"Jul",194,4,65.79,64.6,67.3,73.62,"Jul"
26,"mikewoolf1",2019,"Jul",194,5,63.36,62.6,65.1,85.24,"Jul"
1,"mikewoolf1",2019,"Jul",195,4,66.03,65.3,67.8,78,"Jul"
2,"mikewoolf1",2019,"Jul",195,5,66.02,65.5,66.4,74.03,"Jul"
2,"mikewoolf1",2019,"Jul",196,4,63.73,61.3,65.3,56.22,"Jul"
10,"mikewoolf1",2019,"Jul",196,4,63.73,61.3,65.3,56.22,"Jul"
20,"mikewoolf1",2019,"Jul",196,5,60.66,60.1,61.5,69.34,"Jul"
4,"mikewoolf1",2019,"Jul",197,5,60.45,59.9,62.1,76.66,"Jul"
3,"mikewoolf1",2019,"Jul",198,4,61.05,59.7,63,80.69,"Jul"
5,"mikewoolf1",2019,"Jul",198,5,60.01,59.4,60.8,83.74,"Jul"
14,"mikewoolf1",2019,"Jul",199,5,60.38,59.9,61.2,64.07,"Jul"
3,"mikewoolf1",2019,"Jul",199,5,60.38,59.9,61.2,64.07,"Jul"
1,"mikewoolf1",2019,"Jul",199,6,62.18,61,64,70.33,"Jul"
1,"mikewoolf1",2019,"Jul",199,7,67.95,65.3,71.4,61.83,"Jul"
1,"mikewoolf1",2019,"Jul",200,5,62.59,61,63.9,75.73,"Jul"
1,"mikewoolf1",2019,"Jul",201,4,64.42,63.3,65.8,78.92,"Jul"
1,"mikewoolf1",2019,"Jul",201,5,62.35,61.7,63.3,84.1,"Jul"
1,"mikewoolf1",2019,"Jul",202,4,63.86,63.1,65.3,88.83,"Jul"
1,"mikewoolf1",2019,"Jul",202,5,63.22,63,63.9,89.05,"Jul"
3,"mikewoolf1",2019,"Jul",203,4,66.56,65.5,67.5,80.7,"Jul"
6,"mikewoolf1",2019,"Jul",203,5,65.45,64.8,66.4,79.49,"Jul"
1,"mikewoolf1",2019,"Jul",204,4,68,67.3,68.7,75.55,"Jul"
5,"mikewoolf1",2019,"Jul",204,4,68,67.3,68.7,75.55,"Jul"
14,"mikewoolf1",2019,"Jul",204,5,66.79,66.4,67.3,77.91,"Jul"
4,"mikewoolf1",2019,"Jul",206,5,69.4,68.5,70.5,73.04,"Jul"
2,"mikewoolf1",2019,"Jul",206,6,70.8,68.9,74.5,80.39,"Jul"
3,"mikewoolf1",2019,"Jul",207,5,66.82,66.6,67.5,67.74,"Jul"
3,"mikewoolf1",2019,"Jul",207,5,66.82,66.6,67.5,67.74,"Jul"
2,"mikewoolf1",2019,"Jul",208,5,62.98,62.2,64,70.23,"Jul"
1,"mikewoolf1",2019,"Jul",210,5,65.76,65.3,66.2,67.92,"Jul"
1,"mikewoolf1",2019,"Aug",213,5,59.24,58.5,60.8,82.69,"Aug"
1,"mikewoolf1",2019,"Aug",215,5,62.66,61.3,64.2,81.61,"Aug"
1,"mikewoolf1",2019,"Aug",221,5,57.26,56.1,58.6,79.83,"Aug"
1,"mikewoolf1",2019,"Aug",225,3,63.23,61.9,64,72.47,"Aug"
1,"mikewoolf1",2019,"Aug",226,3,64.3,63.7,65.3,72.5,"Aug"
1,"mikewoolf1",2019,"Aug",227,3,67.32,65.7,69.1,70.22,"Aug"
2,"mikewoolf1",2019,"Aug",227,5,64.02,63.1,64.9,76.99,"Aug"
1,"mikewoolf1",2019,"Aug",228,6,65.04,63.7,66.9,80.86,"Aug"
1,"mikewoolf1",2019,"Aug",233,2,61.67,60.6,63.1,83.8,"Aug"
1,"mikewoolf1",2019,"Aug",233,3,60.16,59.4,61.2,86.69,"Aug"
2,"mikewoolf1",2019,"Aug",233,3,60.16,59.4,61.2,86.69,"Aug"
7,"mikewoolf1",2019,"Aug",233,4,58.92,58.5,59.9,89.74,"Aug"
4,"mikewoolf1",2019,"Aug",233,4,58.92,58.5,59.9,89.74,"Aug"
1,"mikewoolf1",2019,"Aug",233,5,58.93,58.6,59.7,88.87,"Aug"
1,"mikewoolf1",2019,"Aug",233,5,58.93,58.6,59.7,88.87,"Aug"
1,"mikewoolf1",2019,"Aug",234,5,60.78,60.4,61.3,88.97,"Aug"
10,"mikewoolf1",2019,"Aug",234,5,60.78,60.4,61.3,88.97,"Aug"
5,"mikewoolf1",2019,"Aug",234,6,62.07,61.2,63.3,88.28,"Aug"
3,"mikewoolf1",2019,"Aug",235,4,68.68,68.2,69.3,77.89,"Aug"
1,"mikewoolf1",2019,"Aug",235,4,68.68,68.2,69.3,77.89,"Aug"
5,"mikewoolf1",2019,"Aug",235,5,66.92,65.7,68.7,85.35,"Aug"
2,"mikewoolf1",2019,"Aug",236,4,66.76,66.4,67.3,82.69,"Aug"
2,"mikewoolf1",2019,"Aug",236,5,65.92,65.1,67.3,84.42,"Aug"
1,"mikewoolf1",2019,"Aug",236,5,65.92,65.1,67.3,84.42,"Aug"
1,"mikewoolf1",2019,"Aug",237,4,67.57,67.1,68.2,81.78,"Aug"
1,"mikewoolf1",2019,"Aug",237,4,67.57,67.1,68.2,81.78,"Aug"
1,"mikewoolf1",2019,"Aug",237,5,66.73,65.8,67.8,79.42,"Aug"
1,"mikewoolf1",2019,"Aug",238,4,66.94,66.4,67.8,81.42,"Aug"
1,"mikewoolf1",2019,"Aug",238,5,65.93,65.3,67.1,81.05,"Aug"
2,"mikewoolf1",2019,"Aug",239,7,71.85,67.6,80.1,74.85,"Aug"
2,"mikewoolf1",2019,"Aug",240,5,65.09,64.6,65.7,73.77,"Aug"
4,"mikewoolf1",2019,"Aug",240,5,65.09,64.6,65.7,73.77,"Aug"
1,"mikewoolf1",2019,"Aug",240,6,65.16,64.4,66.2,76.13,"Aug"
1,"mikewoolf1",2019,"Aug",241,4,64.34,63.5,65.5,83.75,"Aug"
3,"mikewoolf1",2019,"Aug",241,4,64.34,63.5,65.5,83.75,"Aug"
1,"mikewoolf1",2019,"Aug",241,5,63.21,62.4,64.2,87.03,"Aug"
11,"mikewoolf1",2019,"Aug",241,7,70.22,66.2,76.6,75.9,"Aug"
2,"mikewoolf1",2019,"Aug",243,4,64.76,64,65.7,86.25,"Aug"
10,"mikewoolf1",2019,"Aug",243,5,62.93,61.9,64.6,88.65,"Aug"
6,"mikewoolf1",2019,"Aug",243,5,62.93,61.9,64.6,88.65,"Aug"
1,"mikewoolf1",2019,"Aug",243,6,62.64,61.9,63.7,90.65,"Aug"
2,"mikewoolf1",2019,"Sep",244,5,64.04,62.8,64.8,62.99,"Sep"
1,"mikewoolf1",2019,"Sep",244,21,71.94,71.2,73.8,69.19,"Sep"
1,"mikewoolf1",2019,"Sep",245,0,70.26,69.6,71.2,68.62,"Sep"
2,"mikewoolf1",2019,"Sep",245,3,65.7,65.1,66.7,74.28,"Sep"
1,"mikewoolf1",2019,"Sep",245,5,64.59,64,65.5,76.35,"Sep"
1,"mikewoolf1",2019,"Sep",245,10,94.02,90.9,95.7,48.14,"Sep"
3,"mikewoolf1",2019,"Sep",245,17,95.36,90.3,102.4,43.99,"Sep"
3,"mikewoolf1",2019,"Sep",246,22,71.03,70.2,72.1,65.3,"Sep"
1,"mikewoolf1",2019,"Sep",247,6,62.88,62.2,64,75.08,"Sep"
1,"mikewoolf1",2019,"Sep",248,3,70.13,69.6,70.9,72.14,"Sep"
1,"mikewoolf1",2019,"Sep",248,3,70.13,69.6,70.9,72.14,"Sep"
2,"mikewoolf1",2019,"Sep",248,4,69.05,68.4,69.6,73.94,"Sep"
6,"mikewoolf1",2019,"Sep",248,4,69.05,68.4,69.6,73.94,"Sep"
3,"mikewoolf1",2019,"Sep",248,5,68.88,68.4,69.6,74.13,"Sep"
4,"mikewoolf1",2019,"Sep",248,5,68.88,68.4,69.6,74.13,"Sep"
1,"mikewoolf1",2019,"Sep",248,6,68.33,68,68.9,79.13,"Sep"
1,"mikewoolf1",2019,"Sep",249,2,68.31,67.8,69.3,66.43,"Sep"
1,"mikewoolf1",2019,"Sep",249,4,66.04,65.1,67.1,75.42,"Sep"
3,"mikewoolf1",2019,"Sep",249,4,66.04,65.1,67.1,75.42,"Sep"
5,"mikewoolf1",2019,"Sep",249,5,65.12,64.2,66,79.92,"Sep"
6,"mikewoolf1",2019,"Sep",249,5,65.12,64.2,66,79.92,"Sep"
3,"mikewoolf1",2019,"Sep",249,6,63.58,63,64.6,84.79,"Sep"
1,"mikewoolf1",2019,"Sep",250,3,63.65,62.4,64.9,69.18,"Sep"
3,"mikewoolf1",2019,"Sep",250,4,62.25,61.2,63.1,76.12,"Sep"
4,"mikewoolf1",2019,"Sep",250,4,62.25,61.2,63.1,76.12,"Sep"
10,"mikewoolf1",2019,"Sep",250,5,60.45,59.9,61.5,79.13,"Sep"
32,"mikewoolf1",2019,"Sep",250,5,60.45,59.9,61.5,79.13,"Sep"
5,"mikewoolf1",2019,"Sep",250,6,60.72,60.1,62.6,79.95,"Sep"
1,"mikewoolf1",2019,"Sep",250,6,60.72,60.1,62.6,79.95,"Sep"
1,"mikewoolf1",2019,"Sep",250,7,67.4,63.1,75.2,74.98,"Sep"
3,"mikewoolf1",2019,"Sep",251,4,51.39,50.7,52.9,85.05,"Sep"
2,"mikewoolf1",2019,"Sep",251,4,51.39,50.7,52.9,85.05,"Sep"
5,"mikewoolf1",2019,"Sep",251,4,51.39,50.7,52.9,85.05,"Sep"
8,"mikewoolf1",2019,"Sep",252,4,57.27,56.3,58.1,84.98,"Sep"
2,"mikewoolf1",2019,"Sep",252,5,55.29,54.3,56.1,90.1,"Sep"
14,"mikewoolf1",2019,"Sep",252,5,55.29,54.3,56.1,90.1,"Sep"
1,"mikewoolf1",2019,"Sep",252,9,77.77,76.3,80.6,50.87,"Sep"
2,"mikewoolf1",2019,"Sep",253,3,55.61,54.9,56.7,87.59,"Sep"
4,"mikewoolf1",2019,"Sep",253,4,54.45,54,55.6,89.18,"Sep"
1,"mikewoolf1",2019,"Sep",253,8,70.48,69.1,73.9,59.56,"Sep"
1,"mikewoolf1",2019,"Sep",254,2,56.71,55.8,58.3,79.28,"Sep"
2,"mikewoolf1",2019,"Sep",254,3,54.9,53.6,56.8,81.92,"Sep"
5,"mikewoolf1",2019,"Sep",254,5,55.49,54.1,57.4,80.08,"Sep"
1,"mikewoolf1",2019,"Sep",254,6,53.03,52.3,54.5,88.43,"Sep"
1,"mikewoolf1",2019,"Sep",254,19,66.09,64.2,68.9,66.08,"Sep"
1,"mikewoolf1",2019,"Sep",254,23,60.26,59,61.5,71.78,"Sep"
2,"mikewoolf1",2019,"Sep",255,4,57.88,56.5,58.8,70.64,"Sep"
3,"mikewoolf1",2019,"Sep",255,4,57.88,56.5,58.8,70.64,"Sep"
2,"mikewoolf1",2019,"Sep",255,5,55.34,54,57,78.63,"Sep"
3,"mikewoolf1",2019,"Sep",255,6,56.05,54.3,57.9,75.48,"Sep"
1,"mikewoolf1",2019,"Sep",255,6,56.05,54.3,57.9,75.48,"Sep"
1,"mikewoolf1",2019,"Sep",255,15,95.24,94.1,96.4,38.92,"Sep"
1,"mikewoolf1",2019,"Sep",256,1,63.4,62.4,64.2,61.31,"Sep"
2,"mikewoolf1",2019,"Sep",256,3,60.41,58.1,62.8,69.27,"Sep"
2,"mikewoolf1",2019,"Sep",256,3,60.41,58.1,62.8,69.27,"Sep"
3,"mikewoolf1",2019,"Sep",256,4,57.57,56.8,58.6,71.38,"Sep"
1,"mikewoolf1",2019,"Sep",256,4,57.57,56.8,58.6,71.38,"Sep"
3,"mikewoolf1",2019,"Sep",256,5,58.96,57.9,59.9,66.66,"Sep"
2,"mikewoolf1",2019,"Sep",256,6,60.53,59.7,61,66.27,"Sep"
1,"mikewoolf1",2019,"Sep",256,21,69.18,67.5,70.3,53.68,"Sep"
1,"mikewoolf1",2019,"Sep",256,22,67.03,66.2,69.3,55.51,"Sep"
3,"mikewoolf1",2019,"Sep",257,3,61.22,60.1,63.7,62.03,"Sep"
2,"mikewoolf1",2019,"Sep",257,3,61.22,60.1,63.7,62.03,"Sep"
3,"mikewoolf1",2019,"Sep",257,4,60.66,59.9,61.7,58.27,"Sep"
13,"mikewoolf1",2019,"Sep",257,5,61.23,59.4,63.1,56.37,"Sep"
9,"mikewoolf1",2019,"Sep",257,5,61.23,59.4,63.1,56.37,"Sep"
4,"mikewoolf1",2019,"Sep",257,6,59.68,58.6,61.5,67.97,"Sep"
1,"mikewoolf1",2019,"Sep",257,6,59.68,58.6,61.5,67.97,"Sep"
2,"mikewoolf1",2019,"Sep",258,2,66.12,65.3,66.9,54.53,"Sep"
2,"mikewoolf1",2019,"Sep",258,3,64.3,63.1,65.7,58.98,"Sep"
5,"mikewoolf1",2019,"Sep",258,4,61.93,60.1,63.1,61.66,"Sep"
1,"mikewoolf1",2019,"Sep",258,4,61.93,60.1,63.1,61.66,"Sep"
1,"mikewoolf1",2019,"Sep",258,5,59.54,58.8,60.4,67.49,"Sep"
2,"mikewoolf1",2019,"Sep",258,5,59.54,58.8,60.4,67.49,"Sep"
2,"mikewoolf1",2019,"Sep",258,6,61.8,61.3,62.6,62.33,"Sep"
4,"mikewoolf1",2019,"Sep",259,2,56.88,56.5,57.6,82.59,"Sep"
3,"mikewoolf1",2019,"Sep",259,3,55.88,54.9,57.4,85.08,"Sep"
1,"mikewoolf1",2019,"Sep",259,4,53.43,52.2,55.6,86.97,"Sep"
1,"mikewoolf1",2019,"Sep",259,5,55.27,53.2,56.5,80.33,"Sep"
3,"mikewoolf1",2019,"Sep",260,2,57.24,55.8,58.8,85.05,"Sep"
1,"mikewoolf1",2019,"Sep",260,4,56.01,55,57,85.07,"Sep"
2,"mikewoolf1",2019,"Sep",260,5,55.13,53.6,56.1,87.08,"Sep"
2,"mikewoolf1",2019,"Sep",260,5,55.13,53.6,56.1,87.08,"Sep"
1,"mikewoolf1",2019,"Sep",260,6,53.48,52.7,54.9,90.99,"Sep"
1,"mikewoolf1",2019,"Sep",260,21,59.37,58.3,61,79.02,"Sep"
1,"mikewoolf1",2019,"Sep",261,0,56.6,55.8,57.6,80.88,"Sep"
2,"mikewoolf1",2019,"Sep",261,0,56.6,55.8,57.6,80.88,"Sep"
2,"mikewoolf1",2019,"Sep",261,4,53.29,52,54.9,83.49,"Sep"
5,"mikewoolf1",2019,"Sep",261,4,53.29,52,54.9,83.49,"Sep"
2,"mikewoolf1",2019,"Sep",262,5,58.53,56.5,60.6,82.1,"Sep"
2,"mikewoolf1",2019,"Sep",262,6,56.28,55.8,57.2,87.76,"Sep"
1,"mikewoolf1",2019,"Sep",263,0,54.36,53.6,55.6,79.15,"Sep"
1,"mikewoolf1",2019,"Sep",263,2,53.33,52.5,54.1,78.78,"Sep"
3,"mikewoolf1",2019,"Sep",263,4,55.82,55,56.5,68.95,"Sep"
3,"mikewoolf1",2019,"Sep",263,5,54.33,53.6,56.3,71.1,"Sep"
1,"mikewoolf1",2019,"Sep",263,6,52.14,50.5,54.1,80.9,"Sep"
1,"mikewoolf1",2019,"Sep",263,10,78.81,77.5,80.2,44.7,"Sep"
1,"mikewoolf1",2019,"Sep",263,22,58.62,58.1,59.5,69.02,"Sep"
1,"mikewoolf1",2019,"Sep",264,0,55.3,54.1,57.4,71.36,"Sep"
3,"mikewoolf1",2019,"Sep",264,1,53.45,52.5,54.9,77.12,"Sep"
7,"mikewoolf1",2019,"Sep",264,2,55.58,53.4,57,64.89,"Sep"
2,"mikewoolf1",2019,"Sep",264,5,53.57,52,55.6,70.28,"Sep"
2,"mikewoolf1",2019,"Sep",264,5,53.57,52,55.6,70.28,"Sep"
12,"mikewoolf1",2019,"Sep",264,6,51.79,50.9,53.8,76.9,"Sep"
2,"mikewoolf1",2019,"Sep",265,2,58.45,56.3,60.4,69.56,"Sep"
3,"mikewoolf1",2019,"Sep",265,3,55.19,54.1,56.8,78.35,"Sep"
12,"mikewoolf1",2019,"Sep",265,3,55.19,54.1,56.8,78.35,"Sep"
12,"mikewoolf1",2019,"Sep",265,4,54.89,54,55.6,79.27,"Sep"
8,"mikewoolf1",2019,"Sep",265,4,54.89,54,55.6,79.27,"Sep"
4,"mikewoolf1",2019,"Sep",265,5,54.18,53.6,54.7,79.96,"Sep"
14,"mikewoolf1",2019,"Sep",265,5,54.18,53.6,54.7,79.96,"Sep"
11,"mikewoolf1",2019,"Sep",265,6,55.06,52.9,59.4,78.45,"Sep"
1,"mikewoolf1",2019,"Sep",267,3,59.22,58.1,61.5,70.13,"Sep"
3,"mikewoolf1",2019,"Sep",267,4,57.78,57.2,58.6,70.33,"Sep"
1,"mikewoolf1",2019,"Sep",267,4,57.78,57.2,58.6,70.33,"Sep"
6,"mikewoolf1",2019,"Sep",267,5,56.84,55.9,58.1,73.17,"Sep"
2,"mikewoolf1",2019,"Sep",267,5,56.84,55.9,58.1,73.17,"Sep"
3,"mikewoolf1",2019,"Sep",267,6,57.04,56.1,60.4,74.36,"Sep"
2,"mikewoolf1",2019,"Sep",268,3,62.33,58.8,64.2,64.57,"Sep"
2,"mikewoolf1",2019,"Sep",268,3,62.33,58.8,64.2,64.57,"Sep"
1,"mikewoolf1",2019,"Sep",268,4,58.08,57.6,59.2,75.27,"Sep"
1,"mikewoolf1",2019,"Sep",268,5,58.82,58.1,59.4,70.03,"Sep"
25,"mikewoolf1",2019,"Sep",268,5,58.82,58.1,59.4,70.03,"Sep"
20,"mikewoolf1",2019,"Sep",268,6,59.83,58.3,64,66.99,"Sep"
3,"mikewoolf1",2019,"Sep",268,6,59.83,58.3,64,66.99,"Sep"
1,"mikewoolf1",2019,"Sep",269,3,65.18,63.3,66.7,69.72,"Sep"
3,"mikewoolf1",2019,"Sep",269,3,65.18,63.3,66.7,69.72,"Sep"
6,"mikewoolf1",2019,"Sep",269,4,62.54,62.2,63.7,76.01,"Sep"
8,"mikewoolf1",2019,"Sep",269,4,62.54,62.2,63.7,76.01,"Sep"
14,"mikewoolf1",2019,"Sep",269,5,62.37,62.1,63,73.67,"Sep"
12,"mikewoolf1",2019,"Sep",269,5,62.37,62.1,63,73.67,"Sep"
13,"mikewoolf1",2019,"Sep",269,6,62.63,61.9,64.2,73.21,"Sep"
4,"mikewoolf1",2019,"Sep",269,8,81.52,79.7,82.9,52.47,"Sep"
1,"mikewoolf1",2019,"Sep",269,9,84.2,84.2,84.2,48.6,"Sep"
3,"mikewoolf1",2019,"Sep",270,5,58.25,57.7,59.2,89.04,"Sep"
2,"mikewoolf1",2019,"Sep",270,5,58.25,57.7,59.2,89.04,"Sep"
5,"mikewoolf1",2019,"Sep",270,8,72.79,71.6,73.8,66.51,"Sep"
5,"mikewoolf1",2019,"Sep",270,11,80.93,79.3,83.5,54.17,"Sep"
1,"mikewoolf1",2019,"Sep",270,16,85.29,83.5,87.6,55.1,"Sep"
3,"mikewoolf1",2019,"Oct",275,19,55.87,54.5,58.1,66.88,"Oct"
1,"mikewoolf1",2019,"Oct",275,19,55.87,54.5,58.1,66.88,"Oct"
1,"mikewoolf1",2019,"Oct",275,20,53.89,53.1,55.2,66.82,"Oct"
4,"mikewoolf1",2019,"Oct",275,20,53.89,53.1,55.2,66.82,"Oct"
2,"mikewoolf1",2019,"Oct",275,21,53.61,53.1,54.1,66.07,"Oct"
2,"mikewoolf1",2019,"Oct",275,22,52.43,50.5,53.8,64.98,"Oct"
2,"mikewoolf1",2019,"Oct",275,22,52.43,50.5,53.8,64.98,"Oct"
1,"mikewoolf1",2019,"Oct",276,1,52.11,50.9,54,66.36,"Oct"
1,"mikewoolf1",2019,"Oct",276,20,56.73,56.3,57.2,66.83,"Oct"
1,"mikewoolf1",2019,"Oct",276,21,56.57,55.4,57.2,64.18,"Oct"
1,"mikewoolf1",2019,"Oct",276,21,56.57,55.4,57.2,64.18,"Oct"
1,"mikewoolf1",2019,"Oct",276,22,54.23,52.7,55.9,69.57,"Oct"
5,"mikewoolf1",2019,"Oct",276,23,52.49,51.8,53.2,70.81,"Oct"
1,"mikewoolf1",2019,"Oct",276,23,52.49,51.8,53.2,70.81,"Oct"
1,"mikewoolf1",2019,"Oct",277,0,51.66,50.2,53.4,71.28,"Oct"
1,"mikewoolf1",2019,"Oct",278,21,53.14,52.7,54.7,64.76,"Oct"
1,"mikewoolf1",2019,"Oct",278,22,52.18,51.1,53.4,64.77,"Oct"
1,"mikewoolf1",2019,"Oct",278,22,52.18,51.1,53.4,64.77,"Oct"
2,"mikewoolf1",2019,"Oct",278,23,50.4,49.1,51.4,71.72,"Oct"
1,"mikewoolf1",2019,"Oct",279,21,58.93,58.5,59.9,68.81,"Oct"
1,"mikewoolf1",2019,"Oct",280,2,54.58,53.1,56.8,71.26,"Oct"
3,"mikewoolf1",2019,"Oct",280,3,55.33,53.6,56.7,65.18,"Oct"
1,"mikewoolf1",2019,"Oct",280,3,55.33,53.6,56.7,65.18,"Oct"
1,"mikewoolf1",2019,"Oct",280,4,54.58,53.8,55.4,70.91,"Oct"
1,"mikewoolf1",2019,"Oct",280,4,54.58,53.8,55.4,70.91,"Oct"
1,"mikewoolf1",2019,"Oct",280,5,54.42,53.8,55.2,72.22,"Oct"
1,"mikewoolf1",2019,"Oct",280,5,54.42,53.8,55.2,72.22,"Oct"
2,"mikewoolf1",2019,"Oct",280,6,53.88,53.2,54.5,76.13,"Oct"
2,"mikewoolf1",2019,"Oct",280,8,73.56,65.3,78.4,56.83,"Oct"
1,"mikewoolf1",2019,"Oct",280,22,57.65,56.3,60.4,66.56,"Oct"
1,"mikewoolf1",2019,"Oct",280,23,60.23,58.6,61.7,58.45,"Oct"
1,"mikewoolf1",2019,"Oct",281,2,58.28,55.4,59.9,57.58,"Oct"
1,"mikewoolf1",2019,"Oct",281,4,49.79,48.7,51.1,82.75,"Oct"
1,"mikewoolf1",2019,"Oct",281,21,61.07,60.1,62.4,58.44,"Oct"
1,"mikewoolf1",2019,"Oct",282,2,59.63,56.7,61.5,52.15,"Oct"
1,"mikewoolf1",2019,"Oct",282,3,58.99,55.9,61.2,54.96,"Oct"
1,"mikewoolf1",2019,"Oct",283,18,55.7,53.4,59.4,61.98,"Oct"
1,"mikewoolf1",2019,"Oct",284,11,78.98,77.4,81.7,29.59,"Oct"
3,"mikewoolf1",2019,"Oct",284,19,54.14,52.3,56.1,62.66,"Oct"
2,"mikewoolf1",2019,"Oct",285,19,54.04,53.2,55.8,60.6,"Oct"
1,"mikewoolf1",2019,"Oct",285,20,52.03,50.4,53.4,62.5,"Oct"
1,"mikewoolf1",2019,"Oct",285,22,51.01,50,52.5,60.11,"Oct"
1,"mikewoolf1",2019,"Oct",287,20,54.43,54.1,55,61.87,"Oct"
1,"mikewoolf1",2019,"Oct",287,21,52.95,50.5,54.7,62.16,"Oct"
1,"mikewoolf1",2019,"Oct",287,22,51.15,50.5,52,65.86,"Oct"
1,"mikewoolf1",2019,"Oct",288,0,52.08,50.7,53.4,56.58,"Oct"
1,"mikewoolf1",2019,"Oct",288,20,55.29,52.9,56.7,66.32,"Oct"
1,"mikewoolf1",2019,"Oct",288,22,54.05,51.6,56.3,62.67,"Oct"
1,"mikewoolf1",2019,"Oct",288,23,52.48,50.9,54.9,65.89,"Oct"
1,"mikewoolf1",2019,"Oct",289,0,53.83,51.4,55.8,56.84,"Oct"
1,"mikewoolf1",2019,"Oct",289,6,47.7,46.9,48.9,72.67,"Oct"
1,"mikewoolf1",2019,"Oct",289,21,56.61,55.6,57.9,71.2,"Oct"
1,"mikewoolf1",2019,"Oct",290,0,55.65,54,57.2,74.71,"Oct"
1,"mikewoolf1",2019,"Oct",291,21,50.8,49.8,51.8,77,"Oct"
1,"mikewoolf1",2019,"Oct",293,2,53.48,53.1,54.3,88.76,"Oct"
1,"mikewoolf1",2019,"Oct",294,21,55.09,54.1,57,74.45,"Oct"
1,"mikewoolf1",2019,"Oct",294,22,53.26,51.6,54.7,77.73,"Oct"
2,"mikewoolf1",2019,"Oct",294,23,54.8,52.3,57,75.08,"Oct"
1,"mikewoolf1",2019,"Oct",294,23,54.8,52.3,57,75.08,"Oct"
1,"mikewoolf1",2019,"Oct",296,5,52.25,51.3,53.4,72.67,"Oct"
1,"mikewoolf1",2019,"Oct",297,3,56.06,55,57.4,71.58,"Oct"
1,"mikewoolf1",2019,"Oct",297,10,78.4,76.6,80.2,36.26,"Oct"
1,"mikewoolf1",2019,"Oct",297,22,53.78,53.1,54.9,78,"Oct"
1,"mikewoolf1",2019,"Oct",298,0,56.27,54,57.9,61.08,"Oct"
1,"mikewoolf1",2019,"Oct",298,6,53.18,52.5,54.1,72.26,"Oct"
3,"mikewoolf1",2019,"Oct",298,22,55.53,54,57.2,60.47,"Oct"
2,"mikewoolf1",2019,"Oct",298,23,53.75,52.2,55.6,64.29,"Oct"
2,"mikewoolf1",2019,"Oct",299,0,52.07,51.6,53.1,69.73,"Oct"
2,"mikewoolf1",2019,"Oct",299,0,52.07,51.6,53.1,69.73,"Oct"
2,"mikewoolf1",2019,"Oct",299,1,52.29,51.8,53.2,68.58,"Oct"
3,"mikewoolf1",2019,"Oct",299,1,52.29,51.8,53.2,68.58,"Oct"
4,"mikewoolf1",2019,"Oct",299,2,51.48,49.3,54,66.73,"Oct"
13,"mikewoolf1",2019,"Oct",299,3,52.48,51.8,53.6,64.97,"Oct"
1,"mikewoolf1",2019,"Oct",299,4,52.03,51.1,52.9,64,"Oct"
1,"mikewoolf1",2019,"Oct",299,4,52.03,51.1,52.9,64,"Oct"
2,"mikewoolf1",2019,"Oct",299,5,49.04,47.3,51.6,75.15,"Oct"
5,"mikewoolf1",2019,"Oct",299,5,49.04,47.3,51.6,75.15,"Oct"
1,"mikewoolf1",2019,"Oct",299,6,46.93,46,48,79.51,"Oct"
2,"mikewoolf1",2019,"Oct",299,21,55.82,54.3,57.4,62.1,"Oct"
1,"mikewoolf1",2019,"Oct",300,0,51.92,49.6,54.7,71.13,"Oct"
2,"mikewoolf1",2019,"Oct",300,0,51.92,49.6,54.7,71.13,"Oct"
2,"mikewoolf1",2019,"Oct",300,1,52.08,49.6,54.7,61.31,"Oct"
2,"mikewoolf1",2019,"Oct",301,18,51.53,49.5,54.9,60.5,"Oct"
1,"Perez",2019,"Jun",157,3,62.25,61.7,62.8,89.39,"Jun"
2,"Perez",2019,"Jun",157,5,59.28,58.8,59.7,86.25,"Jun"
2,"Perez",2019,"Jun",158,1,55.27,54.7,55.8,79.11,"Jun"
2,"Perez",2019,"Jun",158,2,53.57,52.7,54.5,73.57,"Jun"
1,"Perez",2019,"Jun",158,3,51.64,51.3,52.2,89.55,"Jun"
1,"Perez",2019,"Jun",159,5,53.39,52.9,54.1,50.57,"Jun"
4,"Perez",2019,"Jun",162,5,63.18,62.6,64.2,70.26,"Jun"
2,"Perez",2019,"Jun",163,5,72.13,70.9,73.8,55.33,"Jun"
2,"Perez",2019,"Jun",164,4,61.67,61,62.2,83.68,"Jun"
2,"Perez",2019,"Jun",164,5,60.81,60.4,61.5,78.92,"Jun"
2,"Perez",2019,"Jun",165,3,57.66,56.8,58.1,83.92,"Jun"
3,"Perez",2019,"Jun",165,4,55.31,54.1,56.5,85.18,"Jun"
1,"Perez",2019,"Jun",166,2,60.9,60.1,61.9,89.6,"Jun"
2,"Perez",2019,"Jun",166,3,59.63,58.8,60.6,92.18,"Jun"
1,"Perez",2019,"Jun",166,4,58.6,57.7,59.4,88.78,"Jun"
1,"Perez",2019,"Jun",166,21,63.86,63.3,64.9,74.46,"Jun"
1,"Perez",2019,"Jun",167,2,56.13,55.6,56.7,93,"Jun"
1,"Perez",2019,"Jun",167,2,56.13,55.6,56.7,93,"Jun"
2,"Perez",2019,"Jun",167,4,54.77,54.3,55.4,95.32,"Jun"
1,"Perez",2019,"Jun",168,4,57.36,56.5,58.5,93.33,"Jun"
4,"Perez",2019,"Jun",168,5,56.59,56.3,57.2,91.67,"Jun"
1,"Perez",2019,"Jun",168,22,71.85,70.9,72.7,76.19,"Jun"
2,"Perez",2019,"Jun",170,4,62.8,62.4,63.5,92.93,"Jun"
1,"Perez",2019,"Jun",171,3,58.88,58.1,59.9,92.44,"Jun"
2,"Perez",2019,"Jun",171,4,56.85,56.3,58.3,90.11,"Jun"
1,"Perez",2019,"Jun",171,23,66.77,64,70.3,74.07,"Jun"
1,"Perez",2019,"Jun",172,0,62.64,61.2,64.4,85.74,"Jun"
3,"Perez",2019,"Jun",172,9,74.53,73.2,75.7,51.53,"Jun"
1,"Perez",2019,"Jul",182,1,56.68,55.8,57.9,75.88,"Jul"
1,"Perez",2019,"Jul",183,2,55.04,54.3,56.1,74.23,"Jul"
1,"Perez",2019,"Jul",186,3,59.58,58.5,60.8,82.66,"Jul"
1,"Perez",2019,"Jul",186,4,58.7,58.3,59.2,80.63,"Jul"
1,"Perez",2019,"Jul",186,4,58.7,58.3,59.2,80.63,"Jul"
1,"Perez",2019,"Jul",186,9,81.31,79.5,83.3,59.9,"Jul"
1,"Perez",2019,"Jul",187,5,60.47,59.5,61.5,68.55,"Jul"
1,"Perez",2019,"Jul",188,5,56,55.2,57.2,75.66,"Jul"
2,"Perez",2019,"Jul",189,2,55.79,54.7,57.2,88.06,"Jul"
1,"Perez",2019,"Jul",189,2,55.79,54.7,57.2,88.06,"Jul"
7,"Perez",2019,"Jul",189,3,54.58,53.8,55.4,85.02,"Jul"
6,"Perez",2019,"Jul",189,3,54.58,53.8,55.4,85.02,"Jul"
2,"Perez",2019,"Jul",189,4,52.84,51.6,54.3,77.33,"Jul"
1,"Perez",2019,"Jul",190,1,56.27,55.6,58.3,79.17,"Jul"
4,"Perez",2019,"Jul",190,2,55.11,54.1,56.3,80.56,"Jul"
5,"Perez",2019,"Jul",190,2,55.11,54.1,56.3,80.56,"Jul"
1,"Perez",2019,"Jul",190,3,53.8,53.2,54.5,79.28,"Jul"
1,"Perez",2019,"Jul",190,3,53.8,53.2,54.5,79.28,"Jul"
1,"Perez",2019,"Jul",190,4,53.66,53.4,54.3,87.22,"Jul"
3,"Perez",2019,"Jul",190,5,54.17,53.6,54.7,88.83,"Jul"
5,"Perez",2019,"Jul",191,3,59.32,58.6,60.3,89.73,"Jul"
9,"Perez",2019,"Jul",191,4,58.24,57.7,59.2,93.39,"Jul"
10,"Perez",2019,"Jul",191,4,58.24,57.7,59.2,93.39,"Jul"
1,"Perez",2019,"Jul",192,4,60.58,59.9,61.5,86.35,"Jul"
2,"Perez",2019,"Jul",192,5,59.31,59,60.3,86.63,"Jul"
1,"Perez",2019,"Jul",206,5,65.97,65.3,67.1,73.36,"Jul"
1,"Perez",2019,"Jul",209,4,65.81,65.3,66.7,75.5,"Jul"
1,"Perez",2019,"Aug",221,0,60.46,57,61.7,73.16,"Aug"
1,"Perez",2019,"Aug",222,2,61.73,61.3,62.2,85.8,"Aug"
1,"Perez",2019,"Aug",222,3,61.52,61,62.4,87.56,"Aug"
2,"Perez",2019,"Aug",222,5,61.7,60.6,63,88.92,"Aug"
3,"Perez",2019,"Aug",222,5,61.7,60.6,63,88.92,"Aug"
1,"Perez",2019,"Aug",226,4,63.53,62.6,64.8,66.07,"Aug"
1,"Perez",2019,"Aug",226,4,63.53,62.6,64.8,66.07,"Aug"
1,"Perez",2019,"Aug",226,5,62.18,61.5,63.1,61.04,"Aug"
1,"Perez",2019,"Aug",227,3,66.73,66,67.8,62.48,"Aug"
2,"Perez",2019,"Aug",227,3,66.73,66,67.8,62.48,"Aug"
1,"Perez",2019,"Aug",227,5,68.61,68.2,69.3,50.38,"Aug"
1,"Perez",2019,"Aug",228,3,67.68,67.3,68.5,56.63,"Aug"
1,"Perez",2019,"Aug",229,3,67.5,66.2,68.5,49.7,"Aug"
2,"Perez",2019,"Aug",230,2,58.78,58.3,59.7,80.72,"Aug"
2,"Perez",2019,"Aug",230,2,58.78,58.3,59.7,80.72,"Aug"
8,"Perez",2019,"Aug",230,3,57.6,56.8,58.8,74.92,"Aug"
6,"Perez",2019,"Aug",230,3,57.6,56.8,58.8,74.92,"Aug"
3,"Perez",2019,"Aug",230,4,56.33,55.6,57.4,75.23,"Aug"
2,"Perez",2019,"Aug",230,4,56.33,55.6,57.4,75.23,"Aug"
2,"Perez",2019,"Aug",230,5,55.14,54.7,56.1,74.35,"Aug"
1,"Perez",2019,"Aug",230,6,57.03,54.7,59.7,75.83,"Aug"
2,"Perez",2019,"Aug",230,6,57.03,54.7,59.7,75.83,"Aug"
1,"Perez",2019,"Aug",230,17,85.7,83.7,87.6,43.12,"Aug"
1,"Perez",2019,"Aug",231,4,56.31,55.8,57.4,87.34,"Aug"
1,"Perez",2019,"Aug",231,5,56.08,55.8,56.7,92.7,"Aug"
6,"Perez",2019,"Aug",232,3,59.79,59.5,60.4,85.49,"Aug"
3,"Perez",2019,"Aug",232,4,59.67,59.2,60.3,87.36,"Aug"
8,"Perez",2019,"Aug",232,4,59.67,59.2,60.3,87.36,"Aug"
4,"Perez",2019,"Aug",232,5,59.03,58.6,59.9,90.45,"Aug"
2,"Perez",2019,"Aug",232,5,59.03,58.6,59.9,90.45,"Aug"
2,"Perez",2019,"Aug",232,6,60.31,59.4,62.6,89.67,"Aug"
3,"Perez",2019,"Aug",233,2,59.65,58.3,60.8,74.11,"Aug"
1,"Perez",2019,"Aug",233,5,56.87,56.3,57.6,78.01,"Aug"
1,"Perez",2019,"Aug",234,4,63.53,62.8,64.4,79.53,"Aug"
1,"Perez",2019,"Aug",235,3,69.3,68.7,70.2,71.63,"Aug"
1,"Perez",2019,"Aug",235,5,67.13,66.7,67.6,74.88,"Aug"
1,"Perez",2019,"Aug",236,3,68.25,67.8,68.9,75.23,"Aug"
5,"Perez",2019,"Aug",236,4,67.82,66.9,68.9,77.37,"Aug"
5,"Perez",2019,"Aug",236,5,66.88,66.4,67.6,77.8,"Aug"
3,"Perez",2019,"Aug",236,5,66.88,66.4,67.6,77.8,"Aug"
1,"Perez",2019,"Aug",236,6,67.37,66.4,68.7,75.39,"Aug"
1,"Perez",2019,"Aug",237,16,102.19,99.7,104.2,27.43,"Aug"
1,"Perez",2019,"Aug",240,4,67.95,67.5,68.7,50.1,"Aug"
4,"Perez",2019,"Sep",249,3,65.68,65.3,66.9,71.03,"Sep"
6,"Perez",2019,"Sep",249,4,64.89,64.2,66,70.17,"Sep"
2,"Perez",2019,"Sep",249,5,64.12,63.7,64.9,74.55,"Sep"
1,"Perez",2019,"Sep",249,6,65.07,64.2,66.2,72.9,"Sep"
1,"Perez",2019,"Sep",250,4,62.81,62.1,63.9,70.48,"Sep"
1,"usda",2019,"Jun",156,6,73.29,70.9,75,82.55,"Jun"
1,"usda",2019,"Jun",179,20,73.79,71.6,76.3,40.86,"Jun"
1,"usda",2019,"Jun",180,3,58.46,57.7,59.9,83.87,"Jun"
1,"usda",2019,"Jun",180,4,56.65,55.9,57.9,88.42,"Jun"
1,"usda",2019,"Jun",180,5,56.31,55.9,57.6,88.76,"Jun"
2,"usda",2019,"Jun",181,4,59.34,58.5,60.6,74.43,"Jun"
5,"usda",2019,"Jul",187,5,63.13,62.8,63.9,84.58,"Jul"
1,"usda",2019,"Jul",187,5,63.13,62.8,63.9,84.58,"Jul"
1,"usda",2019,"Jul",189,1,65.03,64.6,65.8,64.85,"Jul"
1,"usda",2019,"Jul",190,4,58.38,57.7,59.7,87.86,"Jul"
1,"usda",2019,"Jul",191,3,61.86,60.8,63,83.73,"Jul"
4,"usda",2019,"Jul",191,4,60.68,60.1,61.5,85.92,"Jul"
2,"usda",2019,"Jul",192,3,65.35,64.9,66.6,84.03,"Jul"
3,"usda",2019,"Jul",192,4,64.53,63.7,65.5,84.23,"Jul"
1,"usda",2019,"Jul",193,4,66.99,65.1,68,73.53,"Jul"
1,"usda",2019,"Jul",194,4,64.74,64.4,65.5,90.89,"Jul"
2,"usda",2019,"Jul",194,4,64.74,64.4,65.5,90.89,"Jul"
1,"usda",2019,"Jul",194,5,64.66,64.2,65.3,87.05,"Jul"
1,"usda",2019,"Jul",195,5,66.5,66,67.8,82.38,"Jul"
1,"usda",2019,"Jul",200,4,64.62,64.2,65.3,84.66,"Jul"
1,"usda",2019,"Jul",207,3,79.62,78.6,81.5,64.73,"Jul"
1,"usda",2019,"Jul",209,4,69.63,69.1,70.7,88.7,"Jul"
1,"usda",2019,"Jul",209,5,69.48,69.3,70.2,88.97,"Jul"
2,"usda",2019,"Aug",216,5,65.77,64.9,66.7,85.13,"Aug"
1,"usda",2019,"Aug",218,4,65.63,65.1,66.7,91.02,"Aug"
1,"usda",2019,"Aug",222,4,61.31,60.4,62.6,85.7,"Aug"
1,"usda",2019,"Aug",222,5,60.11,59.5,61,88.45,"Aug"
1,"usda",2019,"Aug",223,5,61.7,60.8,63.3,81.25,"Aug"
1,"usda",2019,"Aug",224,4,60.35,59.7,61,89.4,"Aug"
2,"usda",2019,"Aug",225,3,63.09,62.6,63.9,86.93,"Aug"
2,"usda",2019,"Aug",225,5,61.79,61.3,62.6,89.61,"Aug"
1,"usda",2019,"Aug",225,5,61.79,61.3,62.6,89.61,"Aug"
1,"usda",2019,"Aug",226,4,63.63,63.1,64.2,87.41,"Aug"
1,"usda",2019,"Aug",226,4,63.63,63.1,64.2,87.41,"Aug"
1,"usda",2019,"Aug",227,4,65.43,64.8,66.2,86.58,"Aug"
1,"usda",2019,"Aug",227,5,65.21,64.8,66.2,87.78,"Aug"
1,"usda",2019,"Aug",227,5,65.21,64.8,66.2,87.78,"Aug"
1,"usda",2019,"Aug",228,5,65.89,65.3,66.7,86.91,"Aug"
2,"usda",2019,"Aug",229,5,66.01,65.5,66.7,63.67,"Aug"
1,"usda",2019,"Aug",229,5,66.01,65.5,66.7,63.67,"Aug"
1,"usda",2019,"Aug",229,6,66.69,65.5,69.1,61.21,"Aug"
1,"usda",2019,"Aug",230,5,61.49,60.6,62.4,81.67,"Aug"
2,"usda",2019,"Aug",230,5,61.49,60.6,62.4,81.67,"Aug"
2,"usda",2019,"Aug",230,12,89.1,87.6,90.1,31.67,"Aug"
1,"usda",2019,"Aug",230,23,71.84,71.1,73.2,52.16,"Aug"
2,"usda",2019,"Aug",231,4,62.33,60.8,63.7,78.44,"Aug"
2,"usda",2019,"Aug",231,5,60.1,59.2,61.3,84.86,"Aug"
1,"usda",2019,"Aug",231,6,60.12,59.2,61.2,86.88,"Aug"
1,"usda",2019,"Aug",232,2,65.18,64,66.6,82.56,"Aug"
3,"usda",2019,"Aug",232,4,63.23,62.8,63.7,86.44,"Aug"
5,"usda",2019,"Aug",232,4,63.23,62.8,63.7,86.44,"Aug"
2,"usda",2019,"Aug",232,5,62.8,61.9,63.9,86.73,"Aug"
1,"usda",2019,"Aug",232,5,62.8,61.9,63.9,86.73,"Aug"
1,"usda",2019,"Aug",233,2,66.54,65.7,68.2,75.15,"Aug"
1,"usda",2019,"Aug",233,3,65.56,64.6,66.6,77.35,"Aug"
1,"usda",2019,"Aug",233,4,63.1,62.2,65.1,84.14,"Aug"
1,"usda",2019,"Aug",233,4,63.1,62.2,65.1,84.14,"Aug"
1,"usda",2019,"Aug",233,9,75.73,74.1,77.4,61.14,"Aug"
3,"usda",2019,"Aug",234,4,64.47,63.1,66.4,83.88,"Aug"
2,"usda",2019,"Aug",234,5,63.42,62.8,64,85.74,"Aug"
1,"usda",2019,"Aug",234,5,63.42,62.8,64,85.74,"Aug"
2,"usda",2019,"Aug",236,3,71,70.3,72,80.74,"Aug"
1,"usda",2019,"Aug",236,5,69.58,68.9,70.2,77.35,"Aug"
1,"usda",2019,"Aug",236,5,69.58,68.9,70.2,77.35,"Aug"
1,"usda",2019,"Aug",237,4,69.89,69.3,71.1,71.99,"Aug"
1,"usda",2019,"Aug",238,3,73.43,72.9,74.1,61.36,"Aug"
1,"usda",2019,"Aug",239,3,71.64,70.7,72.5,78.15,"Aug"
1,"usda",2019,"Aug",239,4,70.08,69.4,71.4,83.64,"Aug"
1,"usda",2019,"Aug",239,5,69.47,68.9,70,85.24,"Aug"
1,"usda",2019,"Aug",239,6,69.63,68.7,71.6,87.53,"Aug"
1,"usda",2019,"Aug",240,3,69.58,68.7,71.1,72.61,"Aug"
1,"usda",2019,"Aug",240,5,66.72,66.4,67.6,81,"Aug"
1,"usda",2019,"Aug",241,5,65.08,63.5,67.1,77.6,"Aug"
2,"usda",2019,"Aug",241,7,69.23,67.8,70.7,70.78,"Aug"
1,"usda",2019,"Aug",241,10,82.18,81.1,83.7,46.83,"Aug"
1,"usda",2019,"Aug",242,4,66.17,65.8,67.3,74.94,"Aug"
1,"usda",2019,"Aug",243,7,69.79,67.3,72.5,78.03,"Aug"
1,"usda",2019,"Sep",244,7,71.49,68,74.5,69.2,"Sep"
1,"usda",2019,"Sep",244,21,76.49,75.9,77.9,60.2,"Sep"
1,"usda",2019,"Sep",245,5,65.68,65.3,66.4,85.73,"Sep"
2,"usda",2019,"Sep",245,6,67.65,66.7,68.4,81.33,"Sep"
1,"usda",2019,"Sep",245,16,103.59,102.4,105.4,23.18,"Sep"
1,"usda",2019,"Sep",247,5,67.34,66.9,68,78.43,"Sep"
1,"usda",2019,"Sep",249,5,66.41,66,66.9,76.17,"Sep"
1,"usda",2019,"Sep",250,4,63.66,62.8,64.6,79.51,"Sep"
1,"usda",2019,"Sep",250,4,63.66,62.8,64.6,79.51,"Sep"
1,"usda",2019,"Sep",250,5,62.44,62.1,63,83.39,"Sep"
1,"usda",2019,"Sep",250,5,62.44,62.1,63,83.39,"Sep"
2,"usda",2019,"Sep",251,11,75.29,73.8,76.3,50.27,"Sep"
1,"usda",2019,"Sep",254,3,54.12,53.2,55.4,92.19,"Sep"
1,"usda",2019,"Sep",255,4,57.22,56.7,58.3,86.23,"Sep"
1,"usda",2019,"Sep",256,2,59.53,59,60.6,85.44,"Sep"
1,"usda",2019,"Sep",257,4,59.41,58.8,60.1,91.47,"Sep"
1,"usda",2019,"Sep",257,5,60.23,59,62.1,86.51,"Sep"
1,"usda",2019,"Sep",258,4,60.09,59.7,60.8,87.88,"Sep"
1,"usda",2019,"Sep",258,5,59.36,58.8,60.3,88.01,"Sep"
1,"usda",2019,"Sep",258,5,59.36,58.8,60.3,88.01,"Sep"
1,"usda",2019,"Sep",262,5,59.84,59.4,60.6,80.08,"Sep"
1,"usda",2019,"Sep",262,6,60.51,59.9,61.2,79.34,"Sep"
6,"usda",2019,"Sep",263,2,52.36,51.3,53.6,87.11,"Sep"
3,"usda",2019,"Sep",264,2,55.6,55,56.3,88.8,"Sep"
2,"usda",2019,"Sep",264,3,55.07,54.1,56.1,88.99,"Sep"
3,"usda",2019,"Sep",264,3,55.07,54.1,56.1,88.99,"Sep"
4,"usda",2019,"Sep",264,4,53.3,52.5,54.5,90.97,"Sep"
1,"usda",2019,"Sep",265,2,55.42,54.9,56.3,89.55,"Sep"
1,"usda",2019,"Sep",265,5,53.69,52.5,55.6,90.51,"Sep"
19,"usda",2019,"Sep",266,1,59.48,58.5,60.6,84.45,"Sep"
1,"usda",2019,"Sep",266,5,56.66,55.6,57.6,83.72,"Sep"
1,"usda",2019,"Sep",268,8,72.62,69.6,75.7,60.85,"Sep"
1,"usda",2019,"Sep",269,4,62.63,61.9,63.7,86.84,"Sep"
1,"usda",2019,"Sep",270,9,71.21,70.3,72.1,66.57,"Sep"
1,"usda",2019,"Sep",270,12,81.49,80.4,82.6,46.53,"Sep"
1,"usda",2019,"Oct",276,3,45.33,45,46,94.23,"Oct"
1,"usda",2019,"Oct",281,1,54.15,52.7,56.5,88.02,"Oct"
1,"usda",2019,"Oct",300,6,49.53,48.2,50.9,68.24,"Oct"
4,"mikewoolf1",2020,"Apr",113,3,49.53,48.9,49.8,93.83,"Apr"
2,"mikewoolf1",2020,"Apr",113,5,49.52,49.1,49.8,94.05,"Apr"
2,"mikewoolf1",2020,"Apr",113,6,51.53,49.8,53.8,94.83,"Apr"
4,"mikewoolf1",2020,"Apr",115,8,74.58,71.6,76.6,41.32,"Apr"
2,"mikewoolf1",2020,"Apr",118,4,53.68,52.9,54.3,67.27,"Apr"
1,"mikewoolf1",2020,"May",122,6,50.98,47.7,56.7,69.02,"May"
1,"mikewoolf1",2020,"May",126,0,53.62,53.4,53.8,48.53,"May"
1,"mikewoolf1",2020,"May",126,4,48,47.1,49.3,60.66,"May"
1,"mikewoolf1",2020,"May",139,4,59.4,57.9,61.3,80.82,"May"
1,"mikewoolf1",2020,"May",140,6,52.33,47.8,56.1,72.49,"May"
1,"mikewoolf1",2020,"Jun",167,22,72.4,70.7,74.3,46.82,"Jun"
1,"mikewoolf1",2020,"Jun",168,4,56.38,55.2,57.7,74.03,"Jun"
1,"mikewoolf1",2020,"Jun",169,3,56.68,56.1,57.9,60.93,"Jun"
1,"mikewoolf1",2020,"Jun",169,3,56.68,56.1,57.9,60.93,"Jun"
1,"mikewoolf1",2020,"Jun",169,4,55.55,54.9,57,62.29,"Jun"
1,"mikewoolf1",2020,"Jun",170,3,59.93,58.3,61.7,39.85,"Jun"
1,"mikewoolf1",2020,"Jun",170,4,60.11,59.2,61.2,37.94,"Jun"
2,"mikewoolf1",2020,"Jun",170,4,60.11,59.2,61.2,37.94,"Jun"
6,"mikewoolf1",2020,"Jun",170,5,59.95,59,61.2,40.79,"Jun"
1,"mikewoolf1",2020,"Jun",170,5,59.95,59,61.2,40.79,"Jun"
1,"mikewoolf1",2020,"Jun",170,7,68.07,64.4,72.9,56.33,"Jun"
1,"mikewoolf1",2020,"Jun",170,8,79.24,74.5,83.3,42.09,"Jun"
1,"mikewoolf1",2020,"Jun",170,10,87.19,85.6,88.5,30.04,"Jun"
2,"mikewoolf1",2020,"Jun",171,4,61.58,60.6,62.4,46.2,"Jun"
1,"mikewoolf1",2020,"Jun",172,4,62.04,60.3,63.3,51.33,"Jun"
2,"mikewoolf1",2020,"Jun",172,4,62.04,60.3,63.3,51.33,"Jun"
4,"mikewoolf1",2020,"Jun",172,5,58.97,58.5,60.6,56.69,"Jun"
1,"mikewoolf1",2020,"Jun",172,20,77.88,76.5,79.7,50.83,"Jun"
4,"mikewoolf1",2020,"Jun",173,4,62.53,60.4,64,49.1,"Jun"
8,"mikewoolf1",2020,"Jun",173,5,60.13,59.2,60.6,57.46,"Jun"
6,"mikewoolf1",2020,"Jun",174,13,98.65,97.7,100.2,36.11,"Jun"
2,"mikewoolf1",2020,"Jun",174,15,100.13,99.5,100.9,36.88,"Jun"
8,"mikewoolf1",2020,"Jun",174,17,94.3,91.6,97.5,45.1,"Jun"
6,"mikewoolf1",2020,"Jun",175,4,68.23,67.5,69.6,59.86,"Jun"
1,"mikewoolf1",2020,"Jun",177,4,68.34,67.6,70,52.57,"Jun"
3,"mikewoolf1",2020,"Jun",177,5,67.05,66.7,68,56.73,"Jun"
1,"mikewoolf1",2020,"Jun",178,4,68.01,67.5,68.7,58.55,"Jun"
1,"mikewoolf1",2020,"Jun",178,12,96.48,95.2,98.2,39.68,"Jun"
1,"mikewoolf1",2020,"Jun",179,4,72.35,71.8,73.4,68.45,"Jun"
1,"mikewoolf1",2020,"Jun",180,4,64.28,63.3,65.3,59.71,"Jun"
1,"mikewoolf1",2020,"Jun",181,20,70.04,68.4,72.9,49.08,"Jun"
1,"mikewoolf1",2020,"Jun",182,3,61.38,59.9,62.2,48.66,"Jun"
1,"mikewoolf1",2020,"Jul",183,4,64.49,61.7,66.4,48.27,"Jul"
2,"mikewoolf1",2020,"Jul",183,5,62.84,62.1,63.3,49.85,"Jul"
3,"mikewoolf1",2020,"Jul",183,5,62.84,62.1,63.3,49.85,"Jul"
1,"mikewoolf1",2020,"Jul",183,7,71.39,67.6,75.4,64.94,"Jul"
3,"mikewoolf1",2020,"Jul",184,5,62.72,61.9,64.6,52.61,"Jul"
1,"mikewoolf1",2020,"Jul",186,4,61.63,60.3,63.1,50.08,"Jul"
4,"mikewoolf1",2020,"Jul",186,5,60.04,59.5,60.6,52.33,"Jul"
1,"mikewoolf1",2020,"Jul",186,6,62.28,60.8,64.4,68.49,"Jul"
6,"mikewoolf1",2020,"Jul",199,4,68.2,67.1,69.4,59.23,"Jul"
4,"mikewoolf1",2020,"Jul",199,5,65.41,64.2,68,67.08,"Jul"
2,"mikewoolf1",2020,"Jul",200,4,64.73,63.3,66.7,71.25,"Jul"
6,"mikewoolf1",2020,"Jul",200,4,64.73,63.3,66.7,71.25,"Jul"
3,"mikewoolf1",2020,"Jul",200,5,62.08,61.3,63.5,66.23,"Jul"
1,"mikewoolf1",2020,"Jul",201,4,65.11,64.6,66.4,70.87,"Jul"
2,"mikewoolf1",2020,"Jul",201,4,65.11,64.6,66.4,70.87,"Jul"
3,"mikewoolf1",2020,"Jul",201,5,64.47,64,65.1,70.04,"Jul"
3,"mikewoolf1",2020,"Jul",202,0,74.43,73.4,75.6,54.49,"Jul"
1,"mikewoolf1",2020,"Jul",204,3,64.84,63.7,66,53.92,"Jul"
1,"mikewoolf1",2020,"Jul",204,4,62.05,60.1,63.7,66.28,"Jul"
3,"mikewoolf1",2020,"Jul",204,4,62.05,60.1,63.7,66.28,"Jul"
2,"mikewoolf1",2020,"Jul",204,5,58.91,57.9,60.4,67.38,"Jul"
1,"mikewoolf1",2020,"Jul",204,21,74.49,72.7,77,37.03,"Jul"
1,"mikewoolf1",2020,"Jul",204,22,71.49,69.3,73.4,43.02,"Jul"
2,"mikewoolf1",2020,"Jul",205,5,58.73,57.9,59.4,75.82,"Jul"
1,"mikewoolf1",2020,"Jul",205,9,77.58,75.6,79.9,54.69,"Jul"
1,"mikewoolf1",2020,"Jul",205,19,77.66,75.7,80.8,67.81,"Jul"
6,"mikewoolf1",2020,"Jul",208,5,63.02,62.4,63.9,58.06,"Jul"
1,"mikewoolf1",2020,"Jul",208,7,72.17,68.4,76.3,64.83,"Jul"
3,"mikewoolf1",2020,"Jul",210,4,65.38,64.6,66.6,57.77,"Jul"
1,"mikewoolf1",2020,"Jul",211,4,65.28,63.9,66.2,60.69,"Jul"
3,"mikewoolf1",2020,"Jul",212,4,64.66,63.9,65.5,54.1,"Jul"
4,"mikewoolf1",2020,"Jul",212,5,64.05,63.1,65.1,56.25,"Jul"
2,"mikewoolf1",2020,"Jul",212,5,64.05,63.1,65.1,56.25,"Jul"
1,"mikewoolf1",2020,"Aug",214,5,62.93,61.9,63.9,60.1,"Aug"
2,"mikewoolf1",2020,"Aug",214,6,63,62.2,64.4,66.08,"Aug"
1,"mikewoolf1",2020,"Aug",215,4,62.85,61.7,63.9,47.34,"Aug"
1,"mikewoolf1",2020,"Aug",215,4,62.85,61.7,63.9,47.34,"Aug"
2,"mikewoolf1",2020,"Aug",215,5,60.69,59,62.2,59.99,"Aug"
2,"mikewoolf1",2020,"Aug",215,5,60.69,59,62.2,59.99,"Aug"
2,"mikewoolf1",2020,"Aug",216,5,63.73,63.1,64.6,52.16,"Aug"
1,"mikewoolf1",2020,"Aug",221,4,63.53,62.1,64.9,72.34,"Aug"
1,"mikewoolf1",2020,"Aug",221,5,61.58,61,62.4,65.67,"Aug"
1,"mikewoolf1",2020,"Aug",222,3,67.06,66,68.5,59.38,"Aug"
1,"mikewoolf1",2020,"Aug",222,5,64.78,63.9,66,62.19,"Aug"
1,"mikewoolf1",2020,"Aug",222,6,67.05,64.6,69.4,64.59,"Aug"
1,"mikewoolf1",2020,"Aug",223,3,66.78,65.8,68.2,60.26,"Aug"
1,"mikewoolf1",2020,"Aug",225,5,64,62.4,65.3,80.89,"Aug"
1,"mikewoolf1",2020,"Aug",226,3,70.66,69.3,72,48.12,"Aug"
4,"mikewoolf1",2020,"Aug",226,5,68.65,66.4,70.2,60.02,"Aug"
3,"mikewoolf1",2020,"Aug",226,5,68.65,66.4,70.2,60.02,"Aug"
1,"mikewoolf1",2020,"Aug",227,4,70.33,70,70.9,73.63,"Aug"
1,"mikewoolf1",2020,"Aug",227,4,70.33,70,70.9,73.63,"Aug"
7,"mikewoolf1",2020,"Aug",227,5,69.93,69.3,70.7,64.31,"Aug"
2,"mikewoolf1",2020,"Aug",227,5,69.93,69.3,70.7,64.31,"Aug"
1,"mikewoolf1",2020,"Aug",227,16,102.76,99.9,105.4,39.46,"Aug"
3,"mikewoolf1",2020,"Aug",228,5,72.62,71.6,73.4,49.29,"Aug"
1,"mikewoolf1",2020,"Aug",229,5,73.56,73.2,74.3,79.51,"Aug"
1,"mikewoolf1",2020,"Aug",229,5,73.56,73.2,74.3,79.51,"Aug"
1,"mikewoolf1",2020,"Aug",229,5,73.56,73.2,74.3,79.51,"Aug"
1,"mikewoolf1",2020,"Aug",230,3,78.06,77,79.2,55.47,"Aug"
1,"mikewoolf1",2020,"Aug",230,4,78.77,77,79.7,51.24,"Aug"
1,"mikewoolf1",2020,"Aug",231,4,74.31,73.9,74.8,71.62,"Aug"
1,"mikewoolf1",2020,"Aug",232,4,73.22,72.3,74.1,63.18,"Aug"
3,"mikewoolf1",2020,"Aug",233,5,67.63,66.7,68.7,45.7,"Aug"
1,"mikewoolf1",2020,"Aug",234,4,64.19,63.5,64.9,46.71,"Aug"
3,"mikewoolf1",2020,"Aug",235,5,66.78,65.7,68,64.6,"Aug"
2,"mikewoolf1",2020,"Aug",236,4,68.98,68.2,69.8,66.28,"Aug"
5,"mikewoolf1",2020,"Aug",236,5,67.46,66.9,68.7,67.98,"Aug"
1,"mikewoolf1",2020,"Aug",236,5,67.46,66.9,68.7,67.98,"Aug"
1,"mikewoolf1",2020,"Aug",237,3,69.53,68.7,70.9,70.95,"Aug"
1,"mikewoolf1",2020,"Aug",237,4,67.72,66.2,69.1,75.02,"Aug"
1,"mikewoolf1",2020,"Aug",237,5,67.12,66.9,67.8,72.97,"Aug"
1,"mikewoolf1",2020,"Aug",238,2,72.18,71.6,73.2,74.03,"Aug"
1,"mikewoolf1",2020,"Aug",238,4,70.18,69.4,71.1,70.87,"Aug"
1,"mikewoolf1",2020,"Aug",238,5,68.27,67.6,69.8,78.93,"Aug"
1,"mikewoolf1",2020,"Aug",238,5,68.27,67.6,69.8,78.93,"Aug"
1,"mikewoolf1",2020,"Aug",242,8,78.42,72.1,84.4,56.8,"Aug"
1,"mikewoolf1",2020,"Sep",248,3,64.98,63.7,67.1,67.57,"Sep"
1,"mikewoolf1",2020,"Sep",249,5,67.25,66.4,68,50.91,"Sep"
1,"mikewoolf1",2020,"Sep",249,6,68.31,67.6,69.1,52.7,"Sep"
1,"mikewoolf1",2020,"Sep",250,3,74.73,73.4,75.9,49.43,"Sep"
1,"mikewoolf1",2020,"Sep",261,1,64.91,64.2,66,60.91,"Sep"
1,"mikewoolf1",2020,"Sep",261,2,63.28,62.2,64.8,63.68,"Sep"
1,"mikewoolf1",2020,"Sep",261,5,61.87,60.8,63.1,68.78,"Sep"
1,"mikewoolf1",2020,"Sep",261,5,61.87,60.8,63.1,68.78,"Sep"
1,"mikewoolf1",2020,"Sep",261,6,63.43,61.9,65.1,70.86,"Sep"
1,"mikewoolf1",2020,"Sep",261,8,72.19,70.5,73.6,66.32,"Sep"
1,"mikewoolf1",2020,"Sep",264,0,58.51,56.8,59.5,59.68,"Sep"
1,"mikewoolf1",2020,"Sep",264,5,58.32,57.4,60.3,60.61,"Sep"
4,"mikewoolf1",2020,"Sep",264,12,91.28,90,93.2,35.32,"Sep"
1,"mikewoolf1",2020,"Sep",265,0,66.55,65.8,67.3,55.97,"Sep"
6,"mikewoolf1",2020,"Sep",265,3,61.98,61.3,63,64.63,"Sep"
1,"mikewoolf1",2020,"Sep",265,3,61.98,61.3,63,64.63,"Sep"
2,"mikewoolf1",2020,"Sep",265,4,61.33,60.6,62.2,64.73,"Sep"
2,"mikewoolf1",2020,"Sep",265,4,61.33,60.6,62.2,64.73,"Sep"
7,"mikewoolf1",2020,"Sep",265,6,59.92,58.5,61.5,67.89,"Sep"
1,"mikewoolf1",2020,"Sep",265,7,66.08,63.5,70,66.79,"Sep"
1,"mikewoolf2",2020,"Apr",105,4,46.4,45.1,49.1,93.65,"Apr"
1,"mikewoolf2",2020,"Apr",105,5,44.52,44.2,45.7,95.78,"Apr"
1,"mikewoolf2",2020,"Apr",105,22,50.51,49.3,51.8,60.7,"Apr"
1,"mikewoolf2",2020,"Apr",106,0,51.27,50.5,52.2,52.58,"Apr"
1,"mikewoolf2",2020,"Apr",106,1,48.78,47.8,51.1,60.19,"Apr"
3,"mikewoolf2",2020,"Apr",106,3,50.13,49.3,51.6,53.99,"Apr"
1,"mikewoolf2",2020,"Apr",107,2,52.23,51.4,52.9,71.29,"Apr"
1,"mikewoolf2",2020,"Apr",107,3,52.35,52,52.7,69.52,"Apr"
1,"mikewoolf2",2020,"Apr",107,4,53.12,52.3,54,69.43,"Apr"
2,"mikewoolf2",2020,"Apr",107,5,49.81,46.8,52.5,79.5,"Apr"
1,"mikewoolf2",2020,"Apr",109,5,54.41,54,54.9,83.85,"Apr"
1,"mikewoolf2",2020,"Apr",109,6,54.02,53.8,54.7,84.98,"Apr"
1,"mikewoolf2",2020,"Apr",112,22,54.88,54.3,55.4,85.36,"Apr"
1,"mikewoolf2",2020,"Apr",113,2,51.38,50.5,52.2,91.02,"Apr"
3,"mikewoolf2",2020,"Apr",113,2,51.38,50.5,52.2,91.02,"Apr"
2,"mikewoolf2",2020,"Apr",113,4,49.27,48.9,50,94.38,"Apr"
1,"mikewoolf2",2020,"Apr",113,23,59.32,58.8,60.3,83.49,"Apr"
2,"mikewoolf2",2020,"Apr",115,4,55.58,54.7,56.5,81.34,"Apr"
1,"mikewoolf2",2020,"Apr",115,4,55.58,54.7,56.5,81.34,"Apr"
1,"mikewoolf2",2020,"Apr",115,5,54.9,54.3,56.1,84.08,"Apr"
1,"mikewoolf2",2020,"Apr",116,4,54.74,53.4,56.5,80.35,"Apr"
1,"mikewoolf2",2020,"Apr",116,20,67.43,66,69.8,62.01,"Apr"
3,"mikewoolf2",2020,"Apr",117,4,57.32,56.7,58.6,81.55,"Apr"
1,"mikewoolf2",2020,"Apr",117,5,55.73,55.2,56.7,83.12,"Apr"
2,"mikewoolf2",2020,"Apr",118,4,53.51,52.9,54.3,68.06,"Apr"
1,"mikewoolf2",2020,"Apr",120,6,62.33,61,65.5,81.23,"Apr"
1,"mikewoolf2",2020,"May",126,0,54.15,53.4,54.7,48.32,"May"
2,"mikewoolf2",2020,"May",126,1,53.23,51.8,55,50.58,"May"
1,"mikewoolf2",2020,"May",129,5,55.17,54.7,55.8,54.37,"May"
1,"mikewoolf2",2020,"May",130,5,58.72,58.5,59.2,54.85,"May"
1,"mikewoolf2",2020,"May",141,14,79.2,78.8,79.5,31.47,"May"
1,"mikewoolf2",2020,"May",151,8,68.08,67.5,68.5,57.42,"May"
1,"mikewoolf2",2020,"Jun",170,5,58.28,57.6,59,44.24,"Jun"
1,"mikewoolf2",2020,"Jun",170,6,60.78,59.9,61.9,57.9,"Jun"
1,"mikewoolf2",2020,"Jun",175,4,67.49,66.7,68.5,66.55,"Jun"
1,"mikewoolf2",2020,"Jul",199,5,64.52,63.5,67.1,75.79,"Jul"
1,"mikewoolf2",2020,"Jul",200,5,61.58,61,63,74.43,"Jul"
1,"mikewoolf2",2020,"Jul",203,5,61.8,59.9,64.9,79.08,"Jul"
2,"mikewoolf2",2020,"Jul",204,4,61.06,59.4,63.5,71.08,"Jul"
1,"mikewoolf2",2020,"Jul",204,4,61.06,59.4,63.5,71.08,"Jul"
1,"mikewoolf2",2020,"Jul",204,6,60.9,59.2,62.6,79.37,"Jul"
2,"mikewoolf2",2020,"Jul",205,4,58.73,57.7,59.4,83.07,"Jul"
2,"mikewoolf2",2020,"Jul",207,5,62.64,62.1,63.5,75.6,"Jul"
1,"mikewoolf2",2020,"Jul",208,4,63.67,62.4,64.9,74.83,"Jul"
2,"mikewoolf2",2020,"Jul",208,5,62.81,62.2,63.1,62.11,"Jul"
5,"mikewoolf2",2020,"Jul",208,5,62.81,62.2,63.1,62.11,"Jul"
1,"mikewoolf2",2020,"Jul",209,5,63.52,62.6,64.2,68.1,"Jul"
4,"mikewoolf2",2020,"Jul",209,5,63.52,62.6,64.2,68.1,"Jul"
2,"mikewoolf2",2020,"Jul",210,4,64.89,64.2,66,63.51,"Jul"
10,"mikewoolf2",2020,"Jul",210,5,64.55,63.9,65.3,58.48,"Jul"
1,"mikewoolf2",2020,"Jul",211,4,64.52,63,65.8,68.51,"Jul"
1,"mikewoolf2",2020,"Jul",212,4,64.35,63.9,64.9,58.57,"Jul"
6,"mikewoolf2",2020,"Jul",212,4,64.35,63.9,64.9,58.57,"Jul"
8,"mikewoolf2",2020,"Jul",212,5,63.55,62.1,64.8,62.37,"Jul"
1,"mikewoolf2",2020,"Jul",212,5,63.55,62.1,64.8,62.37,"Jul"
1,"mikewoolf2",2020,"Aug",214,5,61.41,60.4,62.4,67.88,"Aug"
1,"mikewoolf2",2020,"Aug",215,4,61.73,59.7,64.2,58.78,"Aug"
2,"mikewoolf2",2020,"Aug",215,4,61.73,59.7,64.2,58.78,"Aug"
1,"mikewoolf2",2020,"Aug",215,5,59.13,57.7,60.6,71.08,"Aug"
6,"mikewoolf2",2020,"Aug",215,5,59.13,57.7,60.6,71.08,"Aug"
1,"mikewoolf2",2020,"Aug",216,5,63.77,62.2,64.9,54.08,"Aug"
2,"mikewoolf2",2020,"Aug",217,5,59.33,58.5,60.6,74.53,"Aug"
1,"mikewoolf2",2020,"Aug",218,4,58.64,57.6,60.1,78.38,"Aug"
2,"mikewoolf2",2020,"Aug",218,5,56.27,55,57.9,76.89,"Aug"
3,"mikewoolf2",2020,"Aug",218,5,56.27,55,57.9,76.89,"Aug"
1,"mikewoolf2",2020,"Aug",219,3,54.92,54.3,55.8,86.43,"Aug"
2,"mikewoolf2",2020,"Aug",220,4,62.08,60.8,64.6,77.88,"Aug"
1,"mikewoolf2",2020,"Aug",221,5,61.32,60.6,63.1,73.74,"Aug"
2,"mikewoolf2",2020,"Aug",222,5,63.05,62.1,64.2,70.82,"Aug"
2,"mikewoolf2",2020,"Aug",222,5,63.05,62.1,64.2,70.82,"Aug"
1,"mikewoolf2",2020,"Aug",223,2,68.4,68,69.1,74.55,"Aug"
3,"mikewoolf2",2020,"Aug",223,4,65.13,63.7,66.6,77.03,"Aug"
1,"mikewoolf2",2020,"Aug",223,4,65.13,63.7,66.6,77.03,"Aug"
5,"mikewoolf2",2020,"Aug",223,5,63.91,62.1,65.3,71.53,"Aug"
7,"mikewoolf2",2020,"Aug",223,5,63.91,62.1,65.3,71.53,"Aug"
1,"mikewoolf2",2020,"Aug",223,10,90.26,88.2,91.6,46.56,"Aug"
2,"mikewoolf2",2020,"Aug",224,4,66.4,65.8,67.3,61.27,"Aug"
2,"mikewoolf2",2020,"Aug",224,5,65.31,63.7,67.3,66.53,"Aug"
6,"mikewoolf2",2020,"Aug",224,5,65.31,63.7,67.3,66.53,"Aug"
1,"mikewoolf2",2020,"Aug",225,4,64.95,63.7,66.7,79.75,"Aug"
1,"mikewoolf2",2020,"Aug",225,5,63.34,61.7,64.4,84.1,"Aug"
1,"mikewoolf2",2020,"Aug",225,6,62.5,61.5,63.7,85.13,"Aug"
2,"mikewoolf2",2020,"Aug",226,4,68.54,67.6,70.2,60.65,"Aug"
1,"mikewoolf2",2020,"Aug",226,5,68.25,66.2,70.5,62.7,"Aug"
10,"mikewoolf2",2020,"Aug",226,5,68.25,66.2,70.5,62.7,"Aug"
1,"mikewoolf2",2020,"Aug",227,4,69.51,68.9,70.2,78.77,"Aug"
4,"mikewoolf2",2020,"Aug",227,4,69.51,68.9,70.2,78.77,"Aug"
9,"mikewoolf2",2020,"Aug",227,5,68.83,67.8,70,70.51,"Aug"
2,"mikewoolf2",2020,"Aug",227,5,68.83,67.8,70,70.51,"Aug"
2,"mikewoolf2",2020,"Aug",229,4,72.33,72,73,83.46,"Aug"
6,"mikewoolf2",2020,"Aug",229,5,72.16,71.8,72.7,87.35,"Aug"
6,"mikewoolf2",2020,"Aug",229,5,72.16,71.8,72.7,87.35,"Aug"
2,"mikewoolf2",2020,"Aug",230,4,76.85,75.9,78.3,58.06,"Aug"
4,"mikewoolf2",2020,"Aug",230,5,75.25,74.1,76.3,57.98,"Aug"
1,"mikewoolf2",2020,"Aug",231,4,73.41,73.2,73.9,74.53,"Aug"
7,"mikewoolf2",2020,"Aug",231,5,72.82,72.3,73.8,76.81,"Aug"
1,"mikewoolf2",2020,"Aug",231,6,73.84,72.7,75.9,77.93,"Aug"
1,"mikewoolf2",2020,"Aug",232,20,83.41,82.8,84.2,29.99,"Aug"
3,"mikewoolf2",2020,"Aug",233,3,66.81,64.4,68.7,56.96,"Aug"
1,"mikewoolf2",2020,"Aug",233,5,66.9,66.4,67.3,48.78,"Aug"
1,"mikewoolf2",2020,"Aug",234,3,64.41,62.6,65.8,50.41,"Aug"
1,"mikewoolf2",2020,"Aug",234,4,64.19,63.3,64.9,48.47,"Aug"
2,"mikewoolf2",2020,"Aug",234,5,62.97,61.9,64,50.49,"Aug"
1,"mikewoolf2",2020,"Aug",234,5,62.97,61.9,64,50.49,"Aug"
1,"mikewoolf2",2020,"Aug",235,4,66.37,64,68.4,71.77,"Aug"
2,"mikewoolf2",2020,"Aug",235,4,66.37,64,68.4,71.77,"Aug"
1,"mikewoolf2",2020,"Aug",235,5,65.18,64,66.4,70.4,"Aug"
2,"mikewoolf2",2020,"Aug",236,4,67.58,66.4,68.7,75.54,"Aug"
2,"mikewoolf2",2020,"Aug",236,4,67.58,66.4,68.7,75.54,"Aug"
1,"mikewoolf2",2020,"Aug",236,5,66.55,65.8,67.5,74.53,"Aug"
1,"mikewoolf2",2020,"Aug",237,4,66.49,65.3,68.5,81,"Aug"
5,"mikewoolf2",2020,"Aug",237,5,66.04,65.3,66.7,79.86,"Aug"
1,"mikewoolf2",2020,"Aug",238,4,69.13,68.2,69.8,77.66,"Aug"
1,"mikewoolf2",2020,"Aug",242,5,62.71,61,64.4,56.69,"Aug"
1,"mikewoolf2",2020,"Sep",245,5,60.94,59.7,62.8,69.85,"Sep"
2,"mikewoolf2",2020,"Sep",251,3,71.32,69.4,73,52.63,"Sep"
1,"mikewoolf2",2020,"Sep",260,20,67.58,66.7,68.9,68.91,"Sep"
2,"mikewoolf2",2020,"Sep",261,1,64.55,63.5,65.8,63.93,"Sep"
2,"mikewoolf2",2020,"Sep",261,2,63.09,62.1,64,65.82,"Sep"
2,"mikewoolf2",2020,"Sep",261,2,63.09,62.1,64,65.82,"Sep"
2,"mikewoolf2",2020,"Sep",261,3,63.05,62.4,63.5,65.72,"Sep"
2,"mikewoolf2",2020,"Sep",261,5,60.23,59.5,62.1,76.21,"Sep"
3,"mikewoolf2",2020,"Sep",261,6,60.53,59.9,61.5,80.48,"Sep"
4,"mikewoolf2",2020,"Sep",262,5,66.83,65.8,67.5,71.34,"Sep"
2,"mikewoolf2",2020,"Sep",263,4,59.09,58.6,59.7,85.21,"Sep"
2,"mikewoolf2",2020,"Sep",263,5,59.82,59.4,60.4,85.14,"Sep"
2,"mikewoolf2",2020,"Sep",263,5,59.82,59.4,60.4,85.14,"Sep"
2,"mikewoolf2",2020,"Sep",263,6,58.33,57.4,59.9,87.43,"Sep"
1,"mikewoolf2",2020,"Sep",263,22,60.68,58.3,63,63.33,"Sep"
1,"mikewoolf2",2020,"Sep",264,0,58.47,57,59.7,61.58,"Sep"
2,"mikewoolf2",2020,"Sep",264,1,59.45,58.8,60.3,60.65,"Sep"
1,"mikewoolf2",2020,"Sep",265,0,62.66,62.2,63.3,70.75,"Sep"
1,"mikewoolf2",2020,"Sep",265,1,63.86,62.8,65.3,64.76,"Sep"
2,"mikewoolf2",2020,"Sep",265,1,63.86,62.8,65.3,64.76,"Sep"
3,"mikewoolf2",2020,"Sep",265,2,63.08,61.7,64.4,65.35,"Sep"
2,"mikewoolf2",2020,"Sep",265,2,63.08,61.7,64.4,65.35,"Sep"
10,"mikewoolf2",2020,"Sep",265,3,61.55,60.6,62.4,67.56,"Sep"
3,"mikewoolf2",2020,"Sep",265,3,61.55,60.6,62.4,67.56,"Sep"
9,"mikewoolf2",2020,"Sep",265,4,61.37,60.8,62.4,65.8,"Sep"
21,"mikewoolf2",2020,"Sep",265,7,63.58,61,67.3,73.7,"Sep"
1,"mikewoolf2",2020,"Sep",265,19,70.52,69.4,71.4,50.19,"Sep"
1,"mikewoolf2",2020,"Sep",265,20,69.27,67.6,71.2,50.28,"Sep"
1,"mikewoolf2",2020,"Sep",266,0,65.81,64.9,66.6,52.18,"Sep"
11,"mikewoolf2",2020,"Sep",266,2,63.71,61.9,65.1,52.58,"Sep"
13,"mikewoolf2",2020,"Sep",266,4,60.56,59,61.7,58.99,"Sep"
5,"mikewoolf2",2020,"Sep",266,4,60.56,59,61.7,58.99,"Sep"
6,"mikewoolf2",2020,"Sep",266,5,59.29,58.1,59.9,59.59,"Sep"
8,"mikewoolf2",2020,"Sep",266,5,59.29,58.1,59.9,59.59,"Sep"
6,"mikewoolf2",2020,"Sep",266,6,57.41,56.1,58.8,69.58,"Sep"
1,"mikewoolf2",2020,"Sep",266,9,77.43,75.6,79.3,55.21,"Sep"
1,"mikewoolf3",2020,"Apr",112,23,54.62,53.8,55.6,83.38,"Apr"
1,"mikewoolf3",2020,"Apr",113,0,52.71,51.1,54.1,88.09,"Apr"
1,"mikewoolf3",2020,"Apr",113,0,52.71,51.1,54.1,88.09,"Apr"
1,"mikewoolf3",2020,"Apr",113,1,51.17,50.9,51.8,92.35,"Apr"
2,"mikewoolf3",2020,"Apr",113,1,51.17,50.9,51.8,92.35,"Apr"
3,"mikewoolf3",2020,"Apr",113,2,51.43,50.7,52.2,91.16,"Apr"
1,"mikewoolf3",2020,"Apr",113,2,51.43,50.7,52.2,91.16,"Apr"
2,"mikewoolf3",2020,"Apr",113,3,49.53,48.6,51.3,93.03,"Apr"
2,"mikewoolf3",2020,"Apr",113,3,49.53,48.6,51.3,93.03,"Apr"
1,"mikewoolf3",2020,"Apr",115,3,61.08,57.4,65.8,69.16,"Apr"
1,"mikewoolf3",2020,"Apr",115,4,56.1,54.9,57.6,80.73,"Apr"
1,"mikewoolf3",2020,"Apr",115,4,56.1,54.9,57.6,80.73,"Apr"
1,"mikewoolf3",2020,"Apr",115,5,55.3,54.5,56.3,83.42,"Apr"
1,"mikewoolf3",2020,"Apr",115,5,55.3,54.5,56.3,83.42,"Apr"
1,"mikewoolf3",2020,"Apr",115,6,57.49,56.7,59,79.17,"Apr"
2,"mikewoolf3",2020,"Apr",115,8,71.93,69.6,74.5,44.28,"Apr"
1,"mikewoolf3",2020,"Apr",115,16,88.53,87.3,90.9,27.86,"Apr"
2,"mikewoolf3",2020,"Apr",116,2,57.44,55.9,59.5,78.39,"Apr"
1,"mikewoolf3",2020,"Apr",118,2,56.21,55.6,57.2,66.63,"Apr"
5,"mikewoolf3",2020,"Apr",118,4,53.68,53.1,54.5,66.58,"Apr"
1,"mikewoolf3",2020,"Apr",118,5,52.13,51.3,53.1,70.21,"Apr"
1,"mikewoolf3",2020,"Apr",118,6,54.07,52.5,56.7,72.06,"Apr"
1,"mikewoolf3",2020,"Apr",118,7,61.63,57.9,65.5,63.17,"Apr"
1,"mikewoolf3",2020,"Apr",118,12,86.69,86,87.8,24.53,"Apr"
1,"mikewoolf3",2020,"Apr",118,13,88.74,87.6,89.6,23.64,"Apr"
1,"mikewoolf3",2020,"Apr",121,3,56.38,54.7,58.8,81.98,"Apr"
2,"mikewoolf3",2020,"Apr",121,4,53.97,52.9,55.4,84.03,"Apr"
1,"mikewoolf3",2020,"Apr",121,6,55.03,53.8,57.7,85.97,"Apr"
1,"mikewoolf3",2020,"May",122,22,57.73,57.2,58.8,55.53,"May"
2,"mikewoolf3",2020,"May",125,22,54.06,52.9,55,51.09,"May"
1,"mikewoolf3",2020,"May",126,0,53.9,52.9,54.7,50.55,"May"
2,"mikewoolf3",2020,"May",131,5,55.63,55,56.7,64.42,"May"
2,"mikewoolf3",2020,"May",137,2,56,55.4,57,63.08,"May"
1,"mikewoolf3",2020,"May",137,3,54.92,54,56.1,68.87,"May"
2,"mikewoolf3",2020,"May",138,5,52.19,51.4,53.2,80.4,"May"
1,"mikewoolf3",2020,"May",138,7,62.46,57.7,67.1,69.8,"May"
1,"mikewoolf3",2020,"May",140,23,53.05,52,54.7,75.98,"May"
1,"mikewoolf3",2020,"May",141,0,51.93,51.3,52.7,76.03,"May"
1,"mikewoolf3",2020,"May",145,5,53.17,52.5,54.3,50.59,"May"
1,"mikewoolf3",2020,"May",149,8,85.21,81,89.2,48.77,"May"
2,"mikewoolf3",2020,"Jun",168,5,54.66,53.8,55.9,76.48,"Jun"
1,"mikewoolf3",2020,"Jun",168,7,61.99,59.9,64.8,58.19,"Jun"
5,"mikewoolf3",2020,"Jun",169,4,55.62,55,56.8,63.51,"Jun"
1,"mikewoolf3",2020,"Jun",169,5,54.9,54.1,55.8,67.95,"Jun"
1,"mikewoolf3",2020,"Jun",169,7,65.85,62.2,69.3,53.83,"Jun"
1,"mikewoolf3",2020,"Jun",169,8,71.95,69.4,75,43.86,"Jun"
1,"mikewoolf3",2020,"Jun",170,5,58.68,57.9,59.4,42.38,"Jun"
1,"mikewoolf3",2020,"Jun",170,5,58.68,57.9,59.4,42.38,"Jun"
1,"mikewoolf3",2020,"Jun",170,6,60.71,60.3,61.5,58.9,"Jun"
1,"mikewoolf3",2020,"Jun",173,5,58.8,57.4,59.9,63.78,"Jun"
1,"mikewoolf3",2020,"Jul",185,4,57.38,55.4,58.8,66.58,"Jul"
2,"mikewoolf3",2020,"Jul",185,5,55.06,53.8,56.5,72.6,"Jul"
1,"mikewoolf3",2020,"Jul",186,4,61.02,60.1,61.9,70.54,"Jul"
2,"mikewoolf3",2020,"Jul",186,5,59.29,58.6,60.4,71.55,"Jul"
1,"mikewoolf3",2020,"Jul",186,5,59.29,58.6,60.4,71.55,"Jul"
2,"mikewoolf3",2020,"Jul",199,4,66.95,66.2,67.5,64.4,"Jul"
3,"mikewoolf3",2020,"Jul",199,4,66.95,66.2,67.5,64.4,"Jul"
6,"mikewoolf3",2020,"Jul",199,5,63.95,63.1,66.2,77.53,"Jul"
1,"mikewoolf3",2020,"Jul",199,6,64.44,63.5,65.8,81.65,"Jul"
1,"mikewoolf3",2020,"Jul",199,10,86.25,84.7,87.8,44.23,"Jul"
1,"mikewoolf3",2020,"Jul",199,10,86.25,84.7,87.8,44.23,"Jul"
2,"mikewoolf3",2020,"Jul",200,4,63.38,62.4,65.1,77.13,"Jul"
3,"mikewoolf3",2020,"Jul",200,5,61.34,60.8,62.8,78.88,"Jul"
1,"mikewoolf3",2020,"Jul",200,6,63.09,61.5,65.1,82.26,"Jul"
1,"mikewoolf3",2020,"Jul",201,4,65.08,64.2,66,77.89,"Jul"
2,"mikewoolf3",2020,"Jul",201,4,65.08,64.2,66,77.89,"Jul"
2,"mikewoolf3",2020,"Jul",201,5,64.28,63.7,64.9,80.08,"Jul"
1,"mikewoolf3",2020,"Jul",201,6,65.74,64.6,67.3,78.33,"Jul"
1,"mikewoolf3",2020,"Jul",202,4,65.54,64.9,66.4,77.58,"Jul"
1,"mikewoolf3",2020,"Jul",202,5,64.61,63.9,65.7,79.84,"Jul"
1,"mikewoolf3",2020,"Jul",202,5,64.61,63.9,65.7,79.84,"Jul"
1,"mikewoolf3",2020,"Jul",203,4,62.68,61.5,64,79.12,"Jul"
1,"mikewoolf3",2020,"Jul",203,5,61.35,59.7,64.2,80.96,"Jul"
1,"mikewoolf3",2020,"Jul",205,4,58.71,57.7,59.7,85.27,"Jul"
1,"mikewoolf3",2020,"Jul",205,4,58.71,57.7,59.7,85.27,"Jul"
3,"mikewoolf3",2020,"Jul",207,5,62.77,62.1,64,74.17,"Jul"
1,"mikewoolf3",2020,"Jul",208,3,65.16,64.2,66,74.21,"Jul"
1,"mikewoolf3",2020,"Jul",208,4,63.68,62.6,64.6,77.24,"Jul"
1,"mikewoolf3",2020,"Jul",209,4,64.63,63.1,66,70.92,"Jul"
2,"mikewoolf3",2020,"Jul",210,4,64.15,63.7,64.8,67.9,"Jul"
4,"mikewoolf3",2020,"Jul",210,5,63.08,62.1,64,65.27,"Jul"
1,"mikewoolf3",2020,"Jul",210,5,63.08,62.1,64,65.27,"Jul"
1,"mikewoolf3",2020,"Jul",211,6,65.85,64.9,67.1,76.39,"Jul"
2,"mikewoolf3",2020,"Jul",212,5,62.13,61,63,68.9,"Jul"
1,"mikewoolf3",2020,"Jul",212,5,62.13,61,63,68.9,"Jul"
1,"mikewoolf3",2020,"Jul",212,5,62.13,61,63,68.9,"Jul"
1,"mikewoolf3",2020,"Aug",214,5,61.25,60.3,62.8,69.93,"Aug"
2,"mikewoolf3",2020,"Aug",215,5,59.13,57.4,60.4,74.18,"Aug"
1,"mikewoolf3",2020,"Aug",217,5,59.16,58.3,60.3,81.23,"Aug"
1,"mikewoolf3",2020,"Aug",221,5,60.83,59.5,62.8,80.14,"Aug"
1,"mikewoolf3",2020,"Aug",222,4,63.86,63,65.1,69.84,"Aug"
1,"mikewoolf3",2020,"Aug",222,5,62.45,61.3,63.7,75.91,"Aug"
1,"mikewoolf3",2020,"Aug",224,5,64.29,63,66.4,70.71,"Aug"
1,"mikewoolf3",2020,"Aug",224,5,64.29,63,66.4,70.71,"Aug"
2,"mikewoolf3",2020,"Aug",226,5,67.5,64.9,70,65.19,"Aug"
1,"mikewoolf3",2020,"Aug",226,5,67.5,64.9,70,65.19,"Aug"
2,"mikewoolf3",2020,"Aug",227,5,68.35,67.1,69.6,74.44,"Aug"
1,"mikewoolf3",2020,"Aug",231,4,73.08,72.9,73.6,74.94,"Aug"
1,"mikewoolf3",2020,"Aug",234,5,62.05,60.1,63.5,57.13,"Aug"
1,"mikewoolf3",2020,"Aug",235,5,64.55,63,66.2,73.44,"Aug"
1,"mikewoolf3",2020,"Aug",237,2,70.23,69.1,72,82.81,"Aug"
1,"mikewoolf3",2020,"Aug",237,5,65.54,64.9,66,83.21,"Aug"
1,"mikewoolf3",2020,"Aug",241,3,64.88,63.5,66.2,61.38,"Aug"
2,"mikewoolf3",2020,"Sep",261,2,62.01,60.4,63.3,70.21,"Sep"
2,"mikewoolf3",2020,"Sep",261,2,62.01,60.4,63.3,70.21,"Sep"
3,"mikewoolf3",2020,"Sep",261,3,62.69,61.7,63.1,66.65,"Sep"
1,"mikewoolf3",2020,"Sep",261,3,62.69,61.7,63.1,66.65,"Sep"
3,"mikewoolf3",2020,"Sep",261,4,62.4,61.7,63.1,69.05,"Sep"
1,"mikewoolf3",2020,"Sep",261,6,60.98,59.9,62.4,79.05,"Sep"
3,"mikewoolf3",2020,"Sep",261,6,60.98,59.9,62.4,79.05,"Sep"
1,"mikewoolf3",2020,"Sep",262,1,66.92,65.8,68.4,79.03,"Sep"
1,"mikewoolf3",2020,"Sep",262,2,66.61,65.8,67.3,81.16,"Sep"
1,"mikewoolf3",2020,"Sep",262,3,67.45,67.1,68.2,71.86,"Sep"
1,"mikewoolf3",2020,"Sep",262,3,67.45,67.1,68.2,71.86,"Sep"
1,"mikewoolf3",2020,"Sep",262,4,66.71,66,67.8,73.74,"Sep"
2,"mikewoolf3",2020,"Sep",262,4,66.71,66,67.8,73.74,"Sep"
1,"mikewoolf3",2020,"Sep",262,5,65.77,64.9,66.7,75.35,"Sep"
2,"mikewoolf3",2020,"Sep",262,6,65.29,64.9,65.8,75.93,"Sep"
1,"mikewoolf3",2020,"Sep",262,16,85.34,84,86.5,52.13,"Sep"
1,"mikewoolf3",2020,"Sep",262,20,66.8,65.5,68,77.07,"Sep"
1,"mikewoolf3",2020,"Sep",263,2,59.38,58.6,60.1,82.57,"Sep"
1,"mikewoolf3",2020,"Sep",263,3,58.62,57.9,59.5,83.89,"Sep"
4,"mikewoolf3",2020,"Sep",263,3,58.62,57.9,59.5,83.89,"Sep"
2,"mikewoolf3",2020,"Sep",263,5,58.9,58.5,59.5,87.88,"Sep"
1,"mikewoolf3",2020,"Sep",263,5,58.9,58.5,59.5,87.88,"Sep"
1,"mikewoolf3",2020,"Sep",263,9,74.98,73.9,76.1,58.24,"Sep"
1,"mikewoolf3",2020,"Sep",263,22,59.75,58.1,61.5,69.47,"Sep"
1,"mikewoolf3",2020,"Sep",264,0,57.78,56.3,59.5,64.11,"Sep"
1,"mikewoolf3",2020,"Sep",264,1,58.56,56.8,59.5,63.56,"Sep"
1,"mikewoolf3",2020,"Sep",264,2,58.77,57.2,60.3,64.32,"Sep"
1,"mikewoolf3",2020,"Sep",264,3,57.88,57,58.8,63.78,"Sep"
2,"mikewoolf3",2020,"Sep",264,3,57.88,57,58.8,63.78,"Sep"
3,"mikewoolf3",2020,"Sep",264,15,90.39,88.5,92.3,44.82,"Sep"
2,"mikewoolf3",2020,"Sep",265,2,63,61.3,64,65.2,"Sep"
2,"mikewoolf3",2020,"Sep",265,3,61.13,59.7,62.1,69.32,"Sep"
2,"mikewoolf3",2020,"Sep",265,3,61.13,59.7,62.1,69.32,"Sep"
5,"mikewoolf3",2020,"Sep",265,4,61.1,60.4,62.1,67.42,"Sep"
3,"mikewoolf3",2020,"Sep",265,4,61.1,60.4,62.1,67.42,"Sep"
6,"mikewoolf3",2020,"Sep",265,5,61.03,60.3,62.6,65.82,"Sep"
3,"mikewoolf3",2020,"Sep",265,6,59.42,58.5,60.8,71.23,"Sep"
1,"mikewoolf3",2020,"Sep",265,6,59.42,58.5,60.8,71.23,"Sep"
1,"mikewoolf3",2020,"Sep",265,20,67.33,66,69.3,57.91,"Sep"
2,"mikewoolf3",2020,"Sep",266,2,61.38,59,63.5,60.17,"Sep"
4,"mikewoolf3",2020,"Sep",266,2,61.38,59,63.5,60.17,"Sep"
1,"mikewoolf3",2020,"Sep",266,3,61.44,58.6,63.1,62.92,"Sep"
1,"mikewoolf3",2020,"Sep",266,4,59.11,58.3,59.7,65.55,"Sep"
2,"mikewoolf3",2020,"Sep",266,4,59.11,58.3,59.7,65.55,"Sep"
3,"mikewoolf3",2020,"Sep",266,5,57.92,56.5,59,66.24,"Sep"
1,"mikewoolf3",2020,"Sep",266,5,57.92,56.5,59,66.24,"Sep"
2,"mikewoolf3",2020,"Sep",266,6,56.22,55,57.2,75.36,"Sep"
1,"mikewoolf3",2020,"Sep",266,6,56.22,55,57.2,75.36,"Sep"
1,"mikewoolf3",2020,"Sep",266,8,71.04,64.6,76.8,64.38,"Sep"
2,"mikewoolf3",2020,"Sep",266,10,85.41,82.8,88,44.67,"Sep"
5,"mikewoolf4",2020,"Mar",69,3,47.87,47.3,49.3,72.53,"Mar"
1,"mikewoolf4",2020,"Mar",84,1,51.46,50.5,52.3,93.18,"Mar"
1,"mikewoolf4",2020,"Apr",102,2,49.31,48.6,50.2,96.86,"Apr"
1,"mikewoolf4",2020,"Apr",102,4,50.16,48.2,52.5,95.22,"Apr"
1,"mikewoolf4",2020,"Apr",103,3,52.8,52.3,53.8,95.44,"Apr"
1,"mikewoolf4",2020,"Apr",105,23,52.85,52.3,53.4,51.43,"Apr"
1,"mikewoolf4",2020,"Apr",106,0,52.57,51.8,53.4,51.34,"Apr"
1,"mikewoolf4",2020,"Apr",106,1,49.8,48.6,52.2,58.28,"Apr"
1,"mikewoolf4",2020,"Apr",106,1,49.8,48.6,52.2,58.28,"Apr"
2,"mikewoolf4",2020,"Apr",106,2,50.06,47.8,53.1,57.69,"Apr"
1,"mikewoolf4",2020,"Apr",106,3,51.44,50.5,53.2,52.28,"Apr"
4,"mikewoolf4",2020,"Apr",106,4,49.93,48,52.3,57.1,"Apr"
1,"mikewoolf4",2020,"Apr",106,4,49.93,48,52.3,57.1,"Apr"
1,"mikewoolf4",2020,"Apr",106,7,58.68,50.9,64.8,46.7,"Apr"
1,"mikewoolf4",2020,"Apr",106,21,57.97,56.3,59.9,68.49,"Apr"
1,"mikewoolf4",2020,"Apr",107,1,53.01,52.5,53.8,71.2,"Apr"
2,"mikewoolf4",2020,"Apr",107,2,53.31,52.9,53.8,71.17,"Apr"
1,"mikewoolf4",2020,"Apr",107,3,52.93,52.3,53.2,70.21,"Apr"
1,"mikewoolf4",2020,"Apr",107,4,52.97,51.6,53.8,73.84,"Apr"
1,"mikewoolf4",2020,"Apr",109,5,54.82,54.5,55.4,83.93,"Apr"
1,"mikewoolf4",2020,"Apr",111,5,52.03,51.6,52.5,96.84,"Apr"
1,"mikewoolf4",2020,"Apr",111,6,53.23,52.3,54,92.99,"Apr"
1,"mikewoolf4",2020,"Apr",112,1,55.61,54.5,57.2,82.25,"Apr"
2,"mikewoolf4",2020,"Apr",113,1,51.94,51.6,52.5,92.88,"Apr"
1,"mikewoolf4",2020,"Apr",115,4,56.35,55.4,57,85.2,"Apr"
1,"mikewoolf4",2020,"Apr",118,3,53.81,53.1,55.6,76.37,"Apr"
1,"mikewoolf4",2020,"Apr",118,3,53.81,53.1,55.6,76.37,"Apr"
1,"mikewoolf4",2020,"Apr",119,20,69.7,68.4,71.4,68.79,"Apr"
1,"mikewoolf4",2020,"Apr",121,3,57.04,55.6,59.2,85.7,"Apr"
1,"mikewoolf4",2020,"May",123,0,57.04,56.1,57.7,59.14,"May"
1,"mikewoolf4",2020,"May",125,22,54.57,53.6,55.8,55.72,"May"
1,"mikewoolf4",2020,"May",125,23,53.03,52.3,54.1,56.98,"May"
1,"mikewoolf4",2020,"May",126,1,51.8,49.6,53.4,62.48,"May"
1,"mikewoolf4",2020,"May",126,7,57.64,53.8,62.8,63.37,"May"
1,"mikewoolf4",2020,"May",137,1,57.98,57.6,58.8,62.57,"May"
2,"mikewoolf4",2020,"May",137,3,55.09,53.8,56.3,71.88,"May"
1,"mikewoolf4",2020,"May",137,4,52.45,51.3,54.1,83.08,"May"
1,"mikewoolf4",2020,"May",138,5,52.91,52.3,53.8,81.45,"May"
2,"mikewoolf4",2020,"May",140,23,53.16,52.3,54.7,80.06,"May"
1,"mikewoolf4",2020,"May",141,1,51.65,50,52.9,81.37,"May"
1,"mikewoolf4",2020,"May",141,19,67.46,64,70.5,50.39,"May"
1,"mikewoolf4",2020,"May",141,20,60.85,58.8,63.9,64.48,"May"
1,"mikewoolf4",2020,"May",150,8,78.36,77.9,79.3,58.18,"May"
1,"mikewoolf4",2020,"Jun",170,5,58.92,58.3,59.5,45.75,"Jun"
1,"mikewoolf4",2020,"Jun",170,5,58.92,58.3,59.5,45.75,"Jun"
1,"mikewoolf4",2020,"Jun",170,10,86.17,85.1,87.1,31.29,"Jun"
1,"mikewoolf4",2020,"Jun",177,15,99.42,98.2,100.4,45.13,"Jun"
1,"mikewoolf4",2020,"Jun",181,14,87.05,86.7,87.4,32.44,"Jun"
2,"mikewoolf4",2020,"Jul",191,10,87.4,85.6,89.4,39.05,"Jul"
1,"mikewoolf4",2020,"Jul",199,5,63.95,63.3,65.5,79.38,"Jul"
1,"mikewoolf4",2020,"Jul",203,4,62.17,61.2,63.5,83.19,"Jul"
1,"mikewoolf4",2020,"Jul",203,5,61.28,59.9,63.7,84.31,"Jul"
1,"mikewoolf4",2020,"Jul",205,4,58.77,58.1,59.5,87.2,"Jul"
2,"mikewoolf4",2020,"Jul",205,5,58.1,57.7,58.8,87.33,"Jul"
1,"mikewoolf4",2020,"Jul",206,5,60.07,59.5,61.2,85.4,"Jul"
3,"mikewoolf4",2020,"Jul",207,4,63,62.2,64,76.58,"Jul"
2,"mikewoolf4",2020,"Jul",207,5,62.66,62.1,63.1,78.18,"Jul"
1,"mikewoolf4",2020,"Jul",207,17,88.56,86.5,90.5,52.61,"Jul"
1,"mikewoolf4",2020,"Jul",207,20,75.91,75.2,77,69.58,"Jul"
3,"mikewoolf4",2020,"Jul",208,5,62.2,61.7,62.8,73.27,"Jul"
5,"mikewoolf4",2020,"Jul",208,5,62.2,61.7,62.8,73.27,"Jul"
1,"mikewoolf4",2020,"Jul",208,6,64.09,62.6,66.7,80.75,"Jul"
1,"mikewoolf4",2020,"Jul",209,5,62.27,61.7,63.3,76.62,"Jul"
4,"mikewoolf4",2020,"Jul",209,5,62.27,61.7,63.3,76.62,"Jul"
1,"mikewoolf4",2020,"Jul",209,6,63.3,62.1,64.8,83.98,"Jul"
1,"mikewoolf4",2020,"Jul",210,4,63.68,63.1,65.1,73.88,"Jul"
2,"mikewoolf4",2020,"Jul",210,5,62.61,61.7,64,74.75,"Jul"
1,"mikewoolf4",2020,"Jul",211,4,64.04,62.4,64.9,72.31,"Jul"
1,"mikewoolf4",2020,"Jul",212,3,63.73,61.7,65.8,78.28,"Jul"
1,"mikewoolf4",2020,"Jul",212,4,63.35,62.4,64.6,73.62,"Jul"
2,"mikewoolf4",2020,"Jul",212,4,63.35,62.4,64.6,73.62,"Jul"
3,"mikewoolf4",2020,"Jul",212,5,61.13,60.3,62.6,78.83,"Jul"
1,"mikewoolf4",2020,"Jul",212,5,61.13,60.3,62.6,78.83,"Jul"
1,"mikewoolf4",2020,"Jul",212,6,61.58,60.6,63.1,86.24,"Jul"
1,"mikewoolf4",2020,"Jul",213,4,61.99,61.5,62.8,80.48,"Jul"
2,"mikewoolf4",2020,"Jul",213,5,62.35,61.9,63.1,77.71,"Jul"
1,"mikewoolf4",2020,"Jul",213,5,62.35,61.9,63.1,77.71,"Jul"
4,"mikewoolf4",2020,"Aug",214,5,61.33,60.1,63,74.81,"Aug"
6,"mikewoolf4",2020,"Aug",214,5,61.33,60.1,63,74.81,"Aug"
3,"mikewoolf4",2020,"Aug",215,3,62.5,61.9,63.1,70.42,"Aug"
2,"mikewoolf4",2020,"Aug",215,4,61.46,59.9,63.3,71.55,"Aug"
5,"mikewoolf4",2020,"Aug",215,5,59.48,57.9,60.6,76.82,"Aug"
3,"mikewoolf4",2020,"Aug",215,5,59.48,57.9,60.6,76.82,"Aug"
2,"mikewoolf4",2020,"Aug",216,5,61.43,60.1,64.2,66.67,"Aug"
3,"mikewoolf4",2020,"Aug",216,5,61.43,60.1,64.2,66.67,"Aug"
1,"mikewoolf4",2020,"Aug",217,5,59.6,58.8,60.6,86.78,"Aug"
1,"mikewoolf4",2020,"Aug",218,0,65.08,64.2,65.7,67,"Aug"
1,"mikewoolf4",2020,"Aug",218,4,58.81,57.9,59.9,83.81,"Aug"
2,"mikewoolf4",2020,"Aug",218,4,58.81,57.9,59.9,83.81,"Aug"
5,"mikewoolf4",2020,"Aug",218,5,56.98,56.1,58.3,87.64,"Aug"
2,"mikewoolf4",2020,"Aug",218,5,56.98,56.1,58.3,87.64,"Aug"
1,"mikewoolf4",2020,"Aug",218,6,57.57,56.5,59.4,91.08,"Aug"
1,"mikewoolf4",2020,"Aug",219,2,56.47,55.9,57.7,88.83,"Aug"
1,"mikewoolf4",2020,"Aug",219,3,55.53,55.2,56.5,90.99,"Aug"
1,"mikewoolf4",2020,"Aug",219,4,54.42,53.8,55.8,91.78,"Aug"
1,"mikewoolf4",2020,"Aug",219,5,53.03,52.2,54.3,92.24,"Aug"
1,"mikewoolf4",2020,"Aug",219,13,85.01,84.2,85.5,45.49,"Aug"
1,"mikewoolf4",2020,"Aug",221,4,62.38,61.9,63,85.43,"Aug"
4,"mikewoolf4",2020,"Aug",221,5,61.12,59.5,62.6,85.86,"Aug"
2,"mikewoolf4",2020,"Aug",221,5,61.12,59.5,62.6,85.86,"Aug"
1,"mikewoolf4",2020,"Aug",222,4,62.9,62.1,63.9,80.46,"Aug"
1,"mikewoolf4",2020,"Aug",222,5,62.18,61.2,63.3,82.29,"Aug"
4,"mikewoolf4",2020,"Aug",222,5,62.18,61.2,63.3,82.29,"Aug"
2,"mikewoolf4",2020,"Aug",223,4,65.78,64.6,66.9,78.37,"Aug"
5,"mikewoolf4",2020,"Aug",223,5,64.01,62.6,65.1,78.1,"Aug"
1,"mikewoolf4",2020,"Aug",224,5,62.9,62.2,63.7,81.14,"Aug"
1,"mikewoolf4",2020,"Aug",224,6,62.57,61.9,63.5,88.89,"Aug"
2,"mikewoolf4",2020,"Aug",225,5,63.28,61.7,64.9,87,"Aug"
3,"mikewoolf4",2020,"Aug",225,5,63.28,61.7,64.9,87,"Aug"
1,"mikewoolf4",2020,"Aug",226,4,66.33,65.8,66.9,71.99,"Aug"
2,"mikewoolf4",2020,"Aug",226,6,67.76,65.5,71.1,75.57,"Aug"
2,"mikewoolf4",2020,"Aug",227,4,69.78,68.9,70.5,82.07,"Aug"
2,"mikewoolf4",2020,"Aug",227,5,68.19,66.9,69.3,79.36,"Aug"
1,"mikewoolf4",2020,"Aug",227,5,68.19,66.9,69.3,79.36,"Aug"
1,"mikewoolf4",2020,"Aug",229,4,72.05,71.6,72.7,90.61,"Aug"
2,"mikewoolf4",2020,"Aug",229,4,72.05,71.6,72.7,90.61,"Aug"
3,"mikewoolf4",2020,"Aug",229,5,71.98,71.6,72.5,90.75,"Aug"
2,"mikewoolf4",2020,"Aug",229,5,71.98,71.6,72.5,90.75,"Aug"
2,"mikewoolf4",2020,"Aug",230,1,76.15,75.7,77.2,69.6,"Aug"
2,"mikewoolf4",2020,"Aug",230,5,72.98,72.1,74.5,69.44,"Aug"
3,"mikewoolf4",2020,"Aug",231,4,73.12,72.7,73.6,77.23,"Aug"
3,"mikewoolf4",2020,"Aug",231,5,72.36,71.6,73.6,79.71,"Aug"
1,"mikewoolf4",2020,"Aug",231,6,73.48,72.5,75.4,81.77,"Aug"
2,"mikewoolf4",2020,"Aug",232,5,70.67,70,71.6,78.02,"Aug"
1,"mikewoolf4",2020,"Aug",233,3,64.74,64,65.8,73.02,"Aug"
2,"mikewoolf4",2020,"Aug",233,5,62.76,62.4,63.5,68.47,"Aug"
1,"mikewoolf4",2020,"Aug",233,6,64.45,64,65.3,67.81,"Aug"
1,"mikewoolf4",2020,"Aug",234,23,67.68,66.9,68.7,79.43,"Aug"
1,"mikewoolf4",2020,"Aug",235,3,65.41,64.8,66.2,83.68,"Aug"
1,"mikewoolf4",2020,"Aug",235,4,64.24,63,65.5,84.28,"Aug"
3,"mikewoolf4",2020,"Aug",235,4,64.24,63,65.5,84.28,"Aug"
2,"mikewoolf4",2020,"Aug",236,4,66.68,65.8,67.8,86.03,"Aug"
1,"mikewoolf4",2020,"Aug",236,5,65.74,65.3,66.4,87.46,"Aug"
1,"mikewoolf4",2020,"Aug",236,5,65.74,65.3,66.4,87.46,"Aug"
1,"mikewoolf4",2020,"Aug",237,4,66.85,65.5,68.5,88.82,"Aug"
1,"mikewoolf4",2020,"Aug",237,5,65.55,65.3,66.2,88.89,"Aug"
1,"mikewoolf4",2020,"Aug",237,9,83.29,80.6,86,68.67,"Aug"
1,"mikewoolf4",2020,"Aug",238,4,68.44,67.5,69.3,86.53,"Aug"
1,"mikewoolf4",2020,"Aug",238,5,67.87,67.6,68.4,87.35,"Aug"
1,"mikewoolf4",2020,"Aug",240,5,62.48,61.9,63.7,73.04,"Aug"
2,"mikewoolf4",2020,"Aug",242,5,59.64,58.8,60.8,74.33,"Aug"
1,"mikewoolf4",2020,"Aug",242,11,92.66,90.9,94.1,41.03,"Aug"
1,"mikewoolf4",2020,"Aug",244,5,65.63,64.6,67.5,66.62,"Aug"
1,"mikewoolf4",2020,"Aug",244,6,62.39,61.7,65.3,78.13,"Aug"
1,"mikewoolf4",2020,"Sep",246,5,60.27,59.7,61.2,87.55,"Sep"
1,"mikewoolf4",2020,"Sep",247,4,62.23,61.3,63.3,85.81,"Sep"
2,"mikewoolf4",2020,"Sep",247,5,60.91,60.6,61.9,88.39,"Sep"
1,"mikewoolf4",2020,"Sep",247,5,60.91,60.6,61.9,88.39,"Sep"
5,"mikewoolf4",2020,"Sep",249,2,65.18,64.2,66.2,65.98,"Sep"
1,"mikewoolf4",2020,"Sep",249,7,66.8,64.9,69.1,80.81,"Sep"
2,"mikewoolf4",2020,"Sep",251,3,66.48,66,67.1,75.18,"Sep"
1,"mikewoolf4",2020,"Sep",251,11,92.67,88.3,96.4,49.63,"Sep"
1,"mikewoolf4",2020,"Sep",251,22,74.33,73.4,75.6,66.73,"Sep"
1,"mikewoolf4",2020,"Sep",261,1,62.04,61.2,63,78.72,"Sep"
2,"mikewoolf4",2020,"Sep",261,2,60.72,59.2,61.5,80.59,"Sep"
1,"mikewoolf4",2020,"Sep",261,3,61.46,59.7,63,75.28,"Sep"
2,"mikewoolf4",2020,"Sep",261,3,61.46,59.7,63,75.28,"Sep"
2,"mikewoolf4",2020,"Sep",261,4,62.27,61.5,63.3,73.68,"Sep"
1,"mikewoolf4",2020,"Sep",261,4,62.27,61.5,63.3,73.68,"Sep"
5,"mikewoolf4",2020,"Sep",261,5,60.2,59.2,62.2,81.25,"Sep"
6,"mikewoolf4",2020,"Sep",261,6,60.68,59.5,62.6,83.4,"Sep"
1,"mikewoolf4",2020,"Sep",262,1,66.54,65.8,67.6,83.47,"Sep"
1,"mikewoolf4",2020,"Sep",262,3,67.38,66.9,68,75.28,"Sep"
2,"mikewoolf4",2020,"Sep",262,4,66.76,66.2,67.8,76.83,"Sep"
3,"mikewoolf4",2020,"Sep",262,5,65.41,64.8,66.7,78.79,"Sep"
2,"mikewoolf4",2020,"Sep",262,5,65.41,64.8,66.7,78.79,"Sep"
2,"mikewoolf4",2020,"Sep",262,6,64.93,64.4,65.3,79.73,"Sep"
2,"mikewoolf4",2020,"Sep",263,2,59.42,58.8,60.1,85.84,"Sep"
2,"mikewoolf4",2020,"Sep",263,3,58.45,57.9,59.2,87.91,"Sep"
1,"mikewoolf4",2020,"Sep",263,3,58.45,57.9,59.2,87.91,"Sep"
2,"mikewoolf4",2020,"Sep",263,4,57.99,57.7,58.6,91.05,"Sep"
2,"mikewoolf4",2020,"Sep",263,4,57.99,57.7,58.6,91.05,"Sep"
2,"mikewoolf4",2020,"Sep",263,5,59.03,58.5,59.7,90.3,"Sep"
5,"mikewoolf4",2020,"Sep",263,5,59.03,58.5,59.7,90.3,"Sep"
4,"mikewoolf4",2020,"Sep",263,6,57.75,57,59,91.65,"Sep"
1,"mikewoolf4",2020,"Sep",264,1,56.89,55.4,59.4,75.92,"Sep"
5,"mikewoolf4",2020,"Sep",264,2,58.87,56.5,60.6,69.29,"Sep"
5,"mikewoolf4",2020,"Sep",264,3,57.29,56.1,59,70.61,"Sep"
3,"mikewoolf4",2020,"Sep",264,4,58.54,57.9,59.5,62.83,"Sep"
5,"mikewoolf4",2020,"Sep",264,6,56.41,55.9,57.7,77.21,"Sep"
5,"mikewoolf4",2020,"Sep",265,2,63.18,61.2,64.6,68.68,"Sep"
10,"mikewoolf4",2020,"Sep",265,4,59.35,58.1,60.6,77.78,"Sep"
7,"mikewoolf4",2020,"Sep",265,4,59.35,58.1,60.6,77.78,"Sep"
7,"mikewoolf4",2020,"Sep",265,5,61.24,60.1,62.1,68.51,"Sep"
3,"mikewoolf4",2020,"Sep",265,5,61.24,60.1,62.1,68.51,"Sep"
6,"mikewoolf4",2020,"Sep",265,6,59.25,57.7,61.5,76.11,"Sep"
1,"mikewoolf4",2020,"Sep",266,2,59.83,57.7,61.9,71.85,"Sep"
3,"mikewoolf4",2020,"Sep",266,2,59.83,57.7,61.9,71.85,"Sep"
1,"mikewoolf4",2020,"Sep",266,3,59.81,57.9,61.3,72.4,"Sep"
6,"mikewoolf4",2020,"Sep",266,5,57.15,56.3,57.9,74.64,"Sep"
3,"mikewoolf4",2020,"Sep",266,5,57.15,56.3,57.9,74.64,"Sep"
4,"mikewoolf4",2020,"Sep",266,6,55.89,54.7,57,82.03,"Sep"
1,"mikewoolf5",2020,"Jul",198,18,86.26,84,88.5,54.49,"Jul"
1,"mikewoolf5",2020,"Jul",198,20,77.99,77.2,79.5,62.43,"Jul"
1,"mikewoolf5",2020,"Jul",200,5,62.23,61.7,63.3,80.28,"Jul"
1,"mikewoolf5",2020,"Jul",200,19,82.65,80.8,85.5,66.59,"Jul"
1,"mikewoolf5",2020,"Jul",203,4,62.47,61.9,63.5,81.7,"Jul"
1,"mikewoolf5",2020,"Jul",209,20,77.43,76.3,79.3,64.65,"Jul"
1,"mikewoolf5",2020,"Aug",215,5,60.89,58.8,62.1,70.49,"Aug"
1,"mikewoolf5",2020,"Aug",215,10,90.1,87.8,92.8,43.96,"Aug"
1,"mikewoolf5",2020,"Aug",219,5,53.6,52.7,54.9,90.91,"Aug"
2,"mikewoolf5",2020,"Aug",223,5,64.2,63.1,65.3,76.3,"Aug"
1,"mikewoolf5",2020,"Aug",225,6,63.55,62.4,65.7,86.98,"Aug"
1,"mikewoolf5",2020,"Aug",226,6,67.47,65.5,71.1,74.77,"Aug"
1,"mikewoolf5",2020,"Aug",227,4,69.63,68.9,70.3,84.04,"Aug"
1,"mikewoolf5",2020,"Aug",227,5,68.24,66.9,69.6,80.26,"Aug"
1,"mikewoolf5",2020,"Aug",227,5,68.24,66.9,69.6,80.26,"Aug"
2,"mikewoolf5",2020,"Aug",228,5,69.64,68.9,70.2,64.23,"Aug"
2,"mikewoolf5",2020,"Aug",235,4,64.84,63.5,66,81.99,"Aug"
1,"mikewoolf5",2020,"Aug",240,10,85.7,84,87.4,47.08,"Aug"
2,"mikewoolf5",2020,"Sep",260,23,67.68,65.5,70,67.85,"Sep"
1,"mikewoolf5",2020,"Sep",261,5,62.01,60.6,63.3,73.75,"Sep"
1,"mikewoolf5",2020,"Sep",263,3,58.68,58.1,59.7,85.76,"Sep"
1,"mikewoolf5",2020,"Sep",263,5,58.86,58.6,59.5,89.29,"Sep"
1,"mikewoolf5",2020,"Sep",264,3,57.48,56.8,58.1,68.84,"Sep"
1,"mikewoolf5",2020,"Sep",264,4,58.54,57.9,59,62.15,"Sep"
1,"mikewoolf5",2020,"Sep",264,5,58.52,57.7,59.5,63.92,"Sep"
1,"mikewoolf5",2020,"Sep",264,6,58,57.6,59.2,69.78,"Sep"
1,"mikewoolf5",2020,"Sep",264,9,77.5,75.9,79.7,57.28,"Sep"
1,"mikewoolf5",2020,"Sep",265,4,59.52,58.3,60.4,76.88,"Sep"
1,"mikewoolf5",2020,"Sep",265,5,61.2,59.5,62.2,68.86,"Sep"
1,"mikewoolf5",2020,"Sep",265,6,59.18,57.7,61,75.1,"Sep"
1,"mikewoolf5",2020,"Sep",265,20,66.71,65.8,68,68.02,"Sep"
1,"mikewoolf5",2020,"Sep",266,2,60.83,58.8,62.4,68.99,"Sep"
1,"mikewoolf5",2020,"Sep",266,4,58.6,57.9,59.4,72.21,"Sep"
1,"mikewoolf5",2020,"Sep",266,10,82.53,80.2,85.8,51.58,"Sep"
